START Thu Jun 11 14:10:45 UTC 2026
[38;5;226m[Genesis] [14:10:52] [WARNING] Neutral robot position (qpos0) exceeds joint limits.[0m
--------------------------------------------------------------------------------
Resolved observation sets: 
	 actor :  ['policy']
	 critic :  ['policy']
--------------------------------------------------------------------------------
Actor Model: MLPModel(
  (obs_normalizer): Identity()
  (distribution): GaussianDistribution()
  (mlp): MLP(
    (0): Linear(in_features=45, out_features=512, bias=True)
    (1): ELU(alpha=1.0)
    (2): Linear(in_features=512, out_features=256, bias=True)
    (3): ELU(alpha=1.0)
    (4): Linear(in_features=256, out_features=128, bias=True)
    (5): ELU(alpha=1.0)
    (6): Linear(in_features=128, out_features=12, bias=True)
  )
)
Critic Model: MLPModel(
  (obs_normalizer): Identity()
  (mlp): MLP(
    (0): Linear(in_features=45, out_features=512, bias=True)
    (1): ELU(alpha=1.0)
    (2): Linear(in_features=512, out_features=256, bias=True)
    (3): ELU(alpha=1.0)
    (4): Linear(in_features=256, out_features=128, bias=True)
    (5): ELU(alpha=1.0)
    (6): Linear(in_features=128, out_features=1, bias=True)
  )
)
Storing git diff for 'genesis-world' in: logs/go2-walking/git/genesis-world.diff
################################################################################
[1m                            Learning iteration 0/300                            [0m 

                               Run name: go2-walking
                            Total steps: 98304 
                       Steps per second: 33203 
                        Collection time: 2.824s 
                          Learning time: 0.136s 
                        Mean value loss: 0.0086
                    Mean surrogate loss: -0.0078
                      Mean entropy loss: 17.0511
                            Mean reward: -0.18
                    Mean episode length: 22.31
                        Mean action std: 1.00
           Mean episode rew_base_height: -0.0028
      Mean episode rew_tracking_ang_vel: 0.0019
           Mean episode rew_action_rate: -0.0014
    Mean episode rew_similar_to_default: -0.0017
      Mean episode rew_tracking_lin_vel: 0.0037
             Mean episode rew_lin_vel_z: -0.0048
--------------------------------------------------------------------------------
                         Iteration time: 2.96s
                           Time elapsed: 0:00:02
                                    ETA: 0:14:45

################################################################################
[1m                            Learning iteration 1/300                            [0m 

                               Run name: go2-walking
                            Total steps: 196608 
                       Steps per second: 552149 
                        Collection time: 0.092s 
                          Learning time: 0.086s 
                        Mean value loss: 0.0027
                    Mean surrogate loss: -0.0073
                      Mean entropy loss: 17.0785
                            Mean reward: -0.16
                    Mean episode length: 25.58
                        Mean action std: 1.01
           Mean episode rew_base_height: -0.0040
      Mean episode rew_tracking_ang_vel: 0.0034
           Mean episode rew_action_rate: -0.0030
    Mean episode rew_similar_to_default: -0.0045
      Mean episode rew_tracking_lin_vel: 0.0061
             Mean episode rew_lin_vel_z: -0.0066
--------------------------------------------------------------------------------
                         Iteration time: 0.18s
                           Time elapsed: 0:00:03
                                    ETA: 0:07:47

################################################################################
[1m                            Learning iteration 2/300                            [0m 

                               Run name: go2-walking
                            Total steps: 294912 
                       Steps per second: 554859 
                        Collection time: 0.092s 
                          Learning time: 0.085s 
                        Mean value loss: 0.0018
                    Mean surrogate loss: -0.0098
                      Mean entropy loss: 17.1010
                            Mean reward: -0.13
                    Mean episode length: 29.29
                        Mean action std: 1.01
           Mean episode rew_base_height: -0.0039
      Mean episode rew_tracking_ang_vel: 0.0036
           Mean episode rew_action_rate: -0.0032
    Mean episode rew_similar_to_default: -0.0048
      Mean episode rew_tracking_lin_vel: 0.0075
             Mean episode rew_lin_vel_z: -0.0065
--------------------------------------------------------------------------------
                         Iteration time: 0.18s
                           Time elapsed: 0:00:03
                                    ETA: 0:05:28

################################################################################
[1m                            Learning iteration 3/300                            [0m 

                               Run name: go2-walking
                            Total steps: 393216 
                       Steps per second: 558659 
                        Collection time: 0.091s 
                          Learning time: 0.085s 
                        Mean value loss: 0.0014
                    Mean surrogate loss: -0.0109
                      Mean entropy loss: 17.0900
                            Mean reward: -0.11
                    Mean episode length: 23.62
                        Mean action std: 1.00
           Mean episode rew_base_height: -0.0035
      Mean episode rew_tracking_ang_vel: 0.0034
           Mean episode rew_action_rate: -0.0030
    Mean episode rew_similar_to_default: -0.0041
      Mean episode rew_tracking_lin_vel: 0.0076
             Mean episode rew_lin_vel_z: -0.0062
--------------------------------------------------------------------------------
                         Iteration time: 0.18s
                           Time elapsed: 0:00:03
                                    ETA: 0:04:18

################################################################################
[1m                            Learning iteration 4/300                            [0m 

                               Run name: go2-walking
                            Total steps: 491520 
                       Steps per second: 560440 
                        Collection time: 0.090s 
                          Learning time: 0.085s 
                        Mean value loss: 0.0011
                    Mean surrogate loss: -0.0124
                      Mean entropy loss: 17.0688
                            Mean reward: -0.09
                    Mean episode length: 19.56
                        Mean action std: 1.00
           Mean episode rew_base_height: -0.0033
      Mean episode rew_tracking_ang_vel: 0.0031
           Mean episode rew_action_rate: -0.0026
    Mean episode rew_similar_to_default: -0.0035
      Mean episode rew_tracking_lin_vel: 0.0074
             Mean episode rew_lin_vel_z: -0.0059
--------------------------------------------------------------------------------
                         Iteration time: 0.18s
                           Time elapsed: 0:00:03
                                    ETA: 0:03:36

################################################################################
[1m                            Learning iteration 5/300                            [0m 

                               Run name: go2-walking
                            Total steps: 589824 
                       Steps per second: 562490 
                        Collection time: 0.089s 
                          Learning time: 0.085s 
                        Mean value loss: 0.0009
                    Mean surrogate loss: -0.0126
                      Mean entropy loss: 17.0479
                            Mean reward: -0.08
                    Mean episode length: 16.01
                        Mean action std: 1.00
           Mean episode rew_base_height: -0.0030
      Mean episode rew_tracking_ang_vel: 0.0027
           Mean episode rew_action_rate: -0.0022
    Mean episode rew_similar_to_default: -0.0027
      Mean episode rew_tracking_lin_vel: 0.0068
             Mean episode rew_lin_vel_z: -0.0056
--------------------------------------------------------------------------------
                         Iteration time: 0.17s
                           Time elapsed: 0:00:03
                                    ETA: 0:03:08

################################################################################
[1m                            Learning iteration 6/300                            [0m 

                               Run name: go2-walking
                            Total steps: 688128 
                       Steps per second: 566278 
                        Collection time: 0.088s 
                          Learning time: 0.085s 
                        Mean value loss: 0.0007
                    Mean surrogate loss: -0.0089
                      Mean entropy loss: 17.0329
                            Mean reward: -0.06
                    Mean episode length: 17.13
                        Mean action std: 1.00
           Mean episode rew_base_height: -0.0029
      Mean episode rew_tracking_ang_vel: 0.0025
           Mean episode rew_action_rate: -0.0019
    Mean episode rew_similar_to_default: -0.0022
      Mean episode rew_tracking_lin_vel: 0.0066
             Mean episode rew_lin_vel_z: -0.0055
--------------------------------------------------------------------------------
                         Iteration time: 0.17s
                           Time elapsed: 0:00:04
                                    ETA: 0:02:48

################################################################################
[1m                            Learning iteration 7/300                            [0m 

                               Run name: go2-walking
                            Total steps: 786432 
                       Steps per second: 570735 
                        Collection time: 0.087s 
                          Learning time: 0.085s 
                        Mean value loss: 0.0006
                    Mean surrogate loss: -0.0085
                      Mean entropy loss: 17.0195
                            Mean reward: -0.05
                    Mean episode length: 13.34
                        Mean action std: 1.00
           Mean episode rew_base_height: -0.0028
      Mean episode rew_tracking_ang_vel: 0.0023
           Mean episode rew_action_rate: -0.0017
    Mean episode rew_similar_to_default: -0.0019
      Mean episode rew_tracking_lin_vel: 0.0065
             Mean episode rew_lin_vel_z: -0.0053
--------------------------------------------------------------------------------
                         Iteration time: 0.17s
                           Time elapsed: 0:00:04
                                    ETA: 0:02:32

################################################################################
[1m                            Learning iteration 8/300                            [0m 

                               Run name: go2-walking
                            Total steps: 884736 
                       Steps per second: 570041 
                        Collection time: 0.087s 
                          Learning time: 0.085s 
                        Mean value loss: 0.0006
                    Mean surrogate loss: -0.0061
                      Mean entropy loss: 17.0053
                            Mean reward: -0.04
                    Mean episode length: 13.85
                        Mean action std: 1.00
           Mean episode rew_base_height: -0.0027
      Mean episode rew_tracking_ang_vel: 0.0022
           Mean episode rew_action_rate: -0.0016
    Mean episode rew_similar_to_default: -0.0017
      Mean episode rew_tracking_lin_vel: 0.0065
             Mean episode rew_lin_vel_z: -0.0051
--------------------------------------------------------------------------------
                         Iteration time: 0.17s
                           Time elapsed: 0:00:04
                                    ETA: 0:02:20

################################################################################
[1m                            Learning iteration 9/300                            [0m 

                               Run name: go2-walking
                            Total steps: 983040 
                       Steps per second: 570005 
                        Collection time: 0.087s 
                          Learning time: 0.085s 
                        Mean value loss: 0.0006
                    Mean surrogate loss: -0.0057
                      Mean entropy loss: 16.9910
                            Mean reward: -0.03
                    Mean episode length: 13.76
                        Mean action std: 1.00
           Mean episode rew_base_height: -0.0027
      Mean episode rew_tracking_ang_vel: 0.0022
           Mean episode rew_action_rate: -0.0015
    Mean episode rew_similar_to_default: -0.0016
      Mean episode rew_tracking_lin_vel: 0.0067
             Mean episode rew_lin_vel_z: -0.0049
--------------------------------------------------------------------------------
                         Iteration time: 0.17s
                           Time elapsed: 0:00:04
                                    ETA: 0:02:11

################################################################################
[1m                           Learning iteration 10/300                            [0m 

                               Run name: go2-walking
                            Total steps: 1081344 
                       Steps per second: 568277 
                        Collection time: 0.088s 
                          Learning time: 0.085s 
                        Mean value loss: 0.0006
                    Mean surrogate loss: -0.0058
                      Mean entropy loss: 16.9754
                            Mean reward: -0.02
                    Mean episode length: 13.41
                        Mean action std: 1.00
           Mean episode rew_base_height: -0.0026
      Mean episode rew_tracking_ang_vel: 0.0021
           Mean episode rew_action_rate: -0.0015
    Mean episode rew_similar_to_default: -0.0016
      Mean episode rew_tracking_lin_vel: 0.0071
             Mean episode rew_lin_vel_z: -0.0047
--------------------------------------------------------------------------------
                         Iteration time: 0.17s
                           Time elapsed: 0:00:04
                                    ETA: 0:02:03

################################################################################
[1m                           Learning iteration 11/300                            [0m 

                               Run name: go2-walking
                            Total steps: 1179648 
                       Steps per second: 569244 
                        Collection time: 0.087s 
                          Learning time: 0.085s 
                        Mean value loss: 0.0008
                    Mean surrogate loss: -0.0054
                      Mean entropy loss: 16.9564
                            Mean reward: -0.00
                    Mean episode length: 13.98
                        Mean action std: 0.99
           Mean episode rew_base_height: -0.0027
      Mean episode rew_tracking_ang_vel: 0.0022
           Mean episode rew_action_rate: -0.0016
    Mean episode rew_similar_to_default: -0.0017
      Mean episode rew_tracking_lin_vel: 0.0078
             Mean episode rew_lin_vel_z: -0.0046
--------------------------------------------------------------------------------
                         Iteration time: 0.17s
                           Time elapsed: 0:00:04
                                    ETA: 0:01:57

################################################################################
[1m                           Learning iteration 12/300                            [0m 

                               Run name: go2-walking
                            Total steps: 1277952 
                       Steps per second: 567772 
                        Collection time: 0.088s 
                          Learning time: 0.085s 
                        Mean value loss: 0.0009
                    Mean surrogate loss: -0.0066
                      Mean entropy loss: 16.9370
                            Mean reward: 0.00
                    Mean episode length: 14.37
                        Mean action std: 0.99
           Mean episode rew_base_height: -0.0027
      Mean episode rew_tracking_ang_vel: 0.0023
           Mean episode rew_action_rate: -0.0016
    Mean episode rew_similar_to_default: -0.0018
      Mean episode rew_tracking_lin_vel: 0.0084
             Mean episode rew_lin_vel_z: -0.0045
--------------------------------------------------------------------------------
                         Iteration time: 0.17s
                           Time elapsed: 0:00:05
                                    ETA: 0:01:51

################################################################################
[1m                           Learning iteration 13/300                            [0m 

                               Run name: go2-walking
                            Total steps: 1376256 
                       Steps per second: 567298 
                        Collection time: 0.088s 
                          Learning time: 0.085s 
                        Mean value loss: 0.0011
                    Mean surrogate loss: -0.0079
                      Mean entropy loss: 16.9206
                            Mean reward: 0.02
                    Mean episode length: 15.76
                        Mean action std: 0.99
           Mean episode rew_base_height: -0.0027
      Mean episode rew_tracking_ang_vel: 0.0023
           Mean episode rew_action_rate: -0.0017
    Mean episode rew_similar_to_default: -0.0020
      Mean episode rew_tracking_lin_vel: 0.0092
             Mean episode rew_lin_vel_z: -0.0044
--------------------------------------------------------------------------------
                         Iteration time: 0.17s
                           Time elapsed: 0:00:05
                                    ETA: 0:01:46

################################################################################
[1m                           Learning iteration 14/300                            [0m 

                               Run name: go2-walking
                            Total steps: 1474560 
                       Steps per second: 568082 
                        Collection time: 0.088s 
                          Learning time: 0.085s 
                        Mean value loss: 0.0013
                    Mean surrogate loss: -0.0103
                      Mean entropy loss: 16.9036
                            Mean reward: 0.02
                    Mean episode length: 15.38
                        Mean action std: 0.99
           Mean episode rew_base_height: -0.0027
      Mean episode rew_tracking_ang_vel: 0.0024
           Mean episode rew_action_rate: -0.0018
    Mean episode rew_similar_to_default: -0.0023
      Mean episode rew_tracking_lin_vel: 0.0101
             Mean episode rew_lin_vel_z: -0.0043
--------------------------------------------------------------------------------
                         Iteration time: 0.17s
                           Time elapsed: 0:00:05
                                    ETA: 0:01:42

################################################################################
[1m                           Learning iteration 15/300                            [0m 

                               Run name: go2-walking
                            Total steps: 1572864 
                       Steps per second: 566700 
                        Collection time: 0.088s 
                          Learning time: 0.085s 
                        Mean value loss: 0.0015
                    Mean surrogate loss: -0.0092
                      Mean entropy loss: 16.8905
                            Mean reward: 0.05
                    Mean episode length: 17.73
                        Mean action std: 0.99
           Mean episode rew_base_height: -0.0028
      Mean episode rew_tracking_ang_vel: 0.0026
           Mean episode rew_action_rate: -0.0019
    Mean episode rew_similar_to_default: -0.0025
      Mean episode rew_tracking_lin_vel: 0.0109
             Mean episode rew_lin_vel_z: -0.0043
--------------------------------------------------------------------------------
                         Iteration time: 0.17s
                           Time elapsed: 0:00:05
                                    ETA: 0:01:38

################################################################################
[1m                           Learning iteration 16/300                            [0m 

                               Run name: go2-walking
                            Total steps: 1671168 
                       Steps per second: 567401 
                        Collection time: 0.088s 
                          Learning time: 0.085s 
                        Mean value loss: 0.0019
                    Mean surrogate loss: -0.0056
                      Mean entropy loss: 16.8784
                            Mean reward: 0.08
                    Mean episode length: 19.90
                        Mean action std: 0.99
           Mean episode rew_base_height: -0.0028
      Mean episode rew_tracking_ang_vel: 0.0028
           Mean episode rew_action_rate: -0.0021
    Mean episode rew_similar_to_default: -0.0029
      Mean episode rew_tracking_lin_vel: 0.0123
             Mean episode rew_lin_vel_z: -0.0042
--------------------------------------------------------------------------------
                         Iteration time: 0.17s
                           Time elapsed: 0:00:05
                                    ETA: 0:01:35

################################################################################
[1m                           Learning iteration 17/300                            [0m 

                               Run name: go2-walking
                            Total steps: 1769472 
                       Steps per second: 566048 
                        Collection time: 0.088s 
                          Learning time: 0.085s 
                        Mean value loss: 0.0023
                    Mean surrogate loss: -0.0072
                      Mean entropy loss: 16.8636
                            Mean reward: 0.10
                    Mean episode length: 20.97
                        Mean action std: 0.99
           Mean episode rew_base_height: -0.0029
      Mean episode rew_tracking_ang_vel: 0.0029
           Mean episode rew_action_rate: -0.0023
    Mean episode rew_similar_to_default: -0.0033
      Mean episode rew_tracking_lin_vel: 0.0139
             Mean episode rew_lin_vel_z: -0.0042
--------------------------------------------------------------------------------
                         Iteration time: 0.17s
                           Time elapsed: 0:00:05
                                    ETA: 0:01:32

################################################################################
[1m                           Learning iteration 18/300                            [0m 

                               Run name: go2-walking
                            Total steps: 1867776 
                       Steps per second: 566483 
                        Collection time: 0.088s 
                          Learning time: 0.085s 
                        Mean value loss: 0.0024
                    Mean surrogate loss: -0.0082
                      Mean entropy loss: 16.8445
                            Mean reward: 0.11
                    Mean episode length: 22.63
                        Mean action std: 0.98
           Mean episode rew_base_height: -0.0029
      Mean episode rew_tracking_ang_vel: 0.0031
           Mean episode rew_action_rate: -0.0025
    Mean episode rew_similar_to_default: -0.0038
      Mean episode rew_tracking_lin_vel: 0.0155
             Mean episode rew_lin_vel_z: -0.0041
--------------------------------------------------------------------------------
                         Iteration time: 0.17s
                           Time elapsed: 0:00:06
                                    ETA: 0:01:30

################################################################################
[1m                           Learning iteration 19/300                            [0m 

                               Run name: go2-walking
                            Total steps: 1966080 
                       Steps per second: 567220 
                        Collection time: 0.088s 
                          Learning time: 0.085s 
                        Mean value loss: 0.0026
                    Mean surrogate loss: -0.0080
                      Mean entropy loss: 16.8155
                            Mean reward: 0.15
                    Mean episode length: 24.66
                        Mean action std: 0.98
           Mean episode rew_base_height: -0.0030
      Mean episode rew_tracking_ang_vel: 0.0034
           Mean episode rew_action_rate: -0.0027
    Mean episode rew_similar_to_default: -0.0042
      Mean episode rew_tracking_lin_vel: 0.0169
             Mean episode rew_lin_vel_z: -0.0040
--------------------------------------------------------------------------------
                         Iteration time: 0.17s
                           Time elapsed: 0:00:06
                                    ETA: 0:01:27

################################################################################
[1m                           Learning iteration 20/300                            [0m 

                               Run name: go2-walking
                            Total steps: 2064384 
                       Steps per second: 566373 
                        Collection time: 0.088s 
                          Learning time: 0.085s 
                        Mean value loss: 0.0032
                    Mean surrogate loss: -0.0057
                      Mean entropy loss: 16.7709
                            Mean reward: 0.17
                    Mean episode length: 26.75
                        Mean action std: 0.98
           Mean episode rew_base_height: -0.0030
      Mean episode rew_tracking_ang_vel: 0.0036
           Mean episode rew_action_rate: -0.0029
    Mean episode rew_similar_to_default: -0.0046
      Mean episode rew_tracking_lin_vel: 0.0183
             Mean episode rew_lin_vel_z: -0.0040
--------------------------------------------------------------------------------
                         Iteration time: 0.17s
                           Time elapsed: 0:00:06
                                    ETA: 0:01:25

################################################################################
[1m                           Learning iteration 21/300                            [0m 

                               Run name: go2-walking
                            Total steps: 2162688 
                       Steps per second: 566869 
                        Collection time: 0.088s 
                          Learning time: 0.085s 
                        Mean value loss: 0.0020
                    Mean surrogate loss: -0.0067
                      Mean entropy loss: 16.7194
                            Mean reward: 0.19
                    Mean episode length: 27.51
                        Mean action std: 0.97
           Mean episode rew_base_height: -0.0031
      Mean episode rew_tracking_ang_vel: 0.0038
           Mean episode rew_action_rate: -0.0031
    Mean episode rew_similar_to_default: -0.0050
      Mean episode rew_tracking_lin_vel: 0.0196
             Mean episode rew_lin_vel_z: -0.0039
--------------------------------------------------------------------------------
                         Iteration time: 0.17s
                           Time elapsed: 0:00:06
                                    ETA: 0:01:23

################################################################################
[1m                           Learning iteration 22/300                            [0m 

                               Run name: go2-walking
                            Total steps: 2260992 
                       Steps per second: 567281 
                        Collection time: 0.088s 
                          Learning time: 0.085s 
                        Mean value loss: 0.0019
                    Mean surrogate loss: -0.0061
                      Mean entropy loss: 16.6403
                            Mean reward: 0.19
                    Mean episode length: 27.99
                        Mean action std: 0.97
           Mean episode rew_base_height: -0.0032
      Mean episode rew_tracking_ang_vel: 0.0041
           Mean episode rew_action_rate: -0.0033
    Mean episode rew_similar_to_default: -0.0056
      Mean episode rew_tracking_lin_vel: 0.0215
             Mean episode rew_lin_vel_z: -0.0039
--------------------------------------------------------------------------------
                         Iteration time: 0.17s
                           Time elapsed: 0:00:06
                                    ETA: 0:01:21

################################################################################
[1m                           Learning iteration 23/300                            [0m 

                               Run name: go2-walking
                            Total steps: 2359296 
                       Steps per second: 567533 
                        Collection time: 0.088s 
                          Learning time: 0.085s 
                        Mean value loss: 0.0017
                    Mean surrogate loss: -0.0057
                      Mean entropy loss: 16.5679
                            Mean reward: 0.23
                    Mean episode length: 31.94
                        Mean action std: 0.96
           Mean episode rew_base_height: -0.0032
      Mean episode rew_tracking_ang_vel: 0.0044
           Mean episode rew_action_rate: -0.0035
    Mean episode rew_similar_to_default: -0.0060
      Mean episode rew_tracking_lin_vel: 0.0230
             Mean episode rew_lin_vel_z: -0.0038
--------------------------------------------------------------------------------
                         Iteration time: 0.17s
                           Time elapsed: 0:00:06
                                    ETA: 0:01:20

################################################################################
[1m                           Learning iteration 24/300                            [0m 

                               Run name: go2-walking
                            Total steps: 2457600 
                       Steps per second: 566956 
                        Collection time: 0.088s 
                          Learning time: 0.085s 
                        Mean value loss: 0.0016
                    Mean surrogate loss: -0.0056
                      Mean entropy loss: 16.5093
                            Mean reward: 0.25
                    Mean episode length: 33.10
                        Mean action std: 0.96
           Mean episode rew_base_height: -0.0032
      Mean episode rew_tracking_ang_vel: 0.0046
           Mean episode rew_action_rate: -0.0036
    Mean episode rew_similar_to_default: -0.0065
      Mean episode rew_tracking_lin_vel: 0.0243
             Mean episode rew_lin_vel_z: -0.0038
--------------------------------------------------------------------------------
                         Iteration time: 0.17s
                           Time elapsed: 0:00:07
                                    ETA: 0:01:18

################################################################################
[1m                           Learning iteration 25/300                            [0m 

                               Run name: go2-walking
                            Total steps: 2555904 
                       Steps per second: 568473 
                        Collection time: 0.088s 
                          Learning time: 0.085s 
                        Mean value loss: 0.0014
                    Mean surrogate loss: -0.0042
                      Mean entropy loss: 16.4500
                            Mean reward: 0.25
                    Mean episode length: 32.33
                        Mean action std: 0.95
           Mean episode rew_base_height: -0.0033
      Mean episode rew_tracking_ang_vel: 0.0048
           Mean episode rew_action_rate: -0.0037
    Mean episode rew_similar_to_default: -0.0067
      Mean episode rew_tracking_lin_vel: 0.0251
             Mean episode rew_lin_vel_z: -0.0037
--------------------------------------------------------------------------------
                         Iteration time: 0.17s
                           Time elapsed: 0:00:07
                                    ETA: 0:01:16

################################################################################
[1m                           Learning iteration 26/300                            [0m 

                               Run name: go2-walking
                            Total steps: 2654208 
                       Steps per second: 566251 
                        Collection time: 0.088s 
                          Learning time: 0.085s 
                        Mean value loss: 0.0014
                    Mean surrogate loss: -0.0061
                      Mean entropy loss: 16.3924
                            Mean reward: 0.29
                    Mean episode length: 36.66
                        Mean action std: 0.95
           Mean episode rew_base_height: -0.0033
      Mean episode rew_tracking_ang_vel: 0.0050
           Mean episode rew_action_rate: -0.0038
    Mean episode rew_similar_to_default: -0.0072
      Mean episode rew_tracking_lin_vel: 0.0264
             Mean episode rew_lin_vel_z: -0.0036
--------------------------------------------------------------------------------
                         Iteration time: 0.17s
                           Time elapsed: 0:00:07
                                    ETA: 0:01:15

################################################################################
[1m                           Learning iteration 27/300                            [0m 

                               Run name: go2-walking
                            Total steps: 2752512 
                       Steps per second: 562186 
                        Collection time: 0.090s 
                          Learning time: 0.085s 
                        Mean value loss: 0.0014
                    Mean surrogate loss: -0.0062
                      Mean entropy loss: 16.3301
                            Mean reward: 0.29
                    Mean episode length: 36.20
                        Mean action std: 0.94
           Mean episode rew_base_height: -0.0033
      Mean episode rew_tracking_ang_vel: 0.0053
           Mean episode rew_action_rate: -0.0040
    Mean episode rew_similar_to_default: -0.0076
      Mean episode rew_tracking_lin_vel: 0.0277
             Mean episode rew_lin_vel_z: -0.0035
--------------------------------------------------------------------------------
                         Iteration time: 0.17s
                           Time elapsed: 0:00:07
                                    ETA: 0:01:14

################################################################################
[1m                           Learning iteration 28/300                            [0m 

                               Run name: go2-walking
                            Total steps: 2850816 
                       Steps per second: 568136 
                        Collection time: 0.088s 
                          Learning time: 0.085s 
                        Mean value loss: 0.0012
                    Mean surrogate loss: -0.0035
                      Mean entropy loss: 16.2745
                            Mean reward: 0.31
                    Mean episode length: 38.45
                        Mean action std: 0.94
           Mean episode rew_base_height: -0.0034
      Mean episode rew_tracking_ang_vel: 0.0056
           Mean episode rew_action_rate: -0.0041
    Mean episode rew_similar_to_default: -0.0080
      Mean episode rew_tracking_lin_vel: 0.0287
             Mean episode rew_lin_vel_z: -0.0035
--------------------------------------------------------------------------------
                         Iteration time: 0.17s
                           Time elapsed: 0:00:07
                                    ETA: 0:01:13

################################################################################
[1m                           Learning iteration 29/300                            [0m 

                               Run name: go2-walking
                            Total steps: 2949120 
                       Steps per second: 569400 
                        Collection time: 0.087s 
                          Learning time: 0.085s 
                        Mean value loss: 0.0013
                    Mean surrogate loss: -0.0038
                      Mean entropy loss: 16.2157
                            Mean reward: 0.34
                    Mean episode length: 40.36
                        Mean action std: 0.93
           Mean episode rew_base_height: -0.0034
      Mean episode rew_tracking_ang_vel: 0.0060
           Mean episode rew_action_rate: -0.0043
    Mean episode rew_similar_to_default: -0.0085
      Mean episode rew_tracking_lin_vel: 0.0301
             Mean episode rew_lin_vel_z: -0.0035
--------------------------------------------------------------------------------
                         Iteration time: 0.17s
                           Time elapsed: 0:00:07
                                    ETA: 0:01:11

################################################################################
[1m                           Learning iteration 30/300                            [0m 

                               Run name: go2-walking
                            Total steps: 3047424 
                       Steps per second: 568829 
                        Collection time: 0.088s 
                          Learning time: 0.085s 
                        Mean value loss: 0.0014
                    Mean surrogate loss: -0.0046
                      Mean entropy loss: 16.1392
                            Mean reward: 0.35
                    Mean episode length: 42.08
                        Mean action std: 0.93
           Mean episode rew_base_height: -0.0035
      Mean episode rew_tracking_ang_vel: 0.0064
           Mean episode rew_action_rate: -0.0046
    Mean episode rew_similar_to_default: -0.0090
      Mean episode rew_tracking_lin_vel: 0.0314
             Mean episode rew_lin_vel_z: -0.0034
--------------------------------------------------------------------------------
                         Iteration time: 0.17s
                           Time elapsed: 0:00:08
                                    ETA: 0:01:10

################################################################################
[1m                           Learning iteration 31/300                            [0m 

                               Run name: go2-walking
                            Total steps: 3145728 
                       Steps per second: 569616 
                        Collection time: 0.087s 
                          Learning time: 0.085s 
                        Mean value loss: 0.0012
                    Mean surrogate loss: -0.0052
                      Mean entropy loss: 16.0789
                            Mean reward: 0.40
                    Mean episode length: 49.85
                        Mean action std: 0.92
           Mean episode rew_base_height: -0.0036
      Mean episode rew_tracking_ang_vel: 0.0070
           Mean episode rew_action_rate: -0.0049
    Mean episode rew_similar_to_default: -0.0099
      Mean episode rew_tracking_lin_vel: 0.0337
             Mean episode rew_lin_vel_z: -0.0035
--------------------------------------------------------------------------------
                         Iteration time: 0.17s
                           Time elapsed: 0:00:08
                                    ETA: 0:01:09

################################################################################
[1m                           Learning iteration 32/300                            [0m 

                               Run name: go2-walking
                            Total steps: 3244032 
                       Steps per second: 569475 
                        Collection time: 0.087s 
                          Learning time: 0.085s 
                        Mean value loss: 0.0012
                    Mean surrogate loss: -0.0036
                      Mean entropy loss: 16.0155
                            Mean reward: 0.40
                    Mean episode length: 48.86
                        Mean action std: 0.92
           Mean episode rew_base_height: -0.0036
      Mean episode rew_tracking_ang_vel: 0.0074
           Mean episode rew_action_rate: -0.0052
    Mean episode rew_similar_to_default: -0.0104
      Mean episode rew_tracking_lin_vel: 0.0352
             Mean episode rew_lin_vel_z: -0.0034
--------------------------------------------------------------------------------
                         Iteration time: 0.17s
                           Time elapsed: 0:00:08
                                    ETA: 0:01:08

################################################################################
[1m                           Learning iteration 33/300                            [0m 

                               Run name: go2-walking
                            Total steps: 3342336 
                       Steps per second: 570472 
                        Collection time: 0.087s 
                          Learning time: 0.085s 
                        Mean value loss: 0.0014
                    Mean surrogate loss: -0.0043
                      Mean entropy loss: 15.9642
                            Mean reward: 0.44
                    Mean episode length: 55.25
                        Mean action std: 0.91
           Mean episode rew_base_height: -0.0037
      Mean episode rew_tracking_ang_vel: 0.0081
           Mean episode rew_action_rate: -0.0055
    Mean episode rew_similar_to_default: -0.0112
      Mean episode rew_tracking_lin_vel: 0.0372
             Mean episode rew_lin_vel_z: -0.0035
--------------------------------------------------------------------------------
                         Iteration time: 0.17s
                           Time elapsed: 0:00:08
                                    ETA: 0:01:07

################################################################################
[1m                           Learning iteration 34/300                            [0m 

                               Run name: go2-walking
                            Total steps: 3440640 
                       Steps per second: 571478 
                        Collection time: 0.087s 
                          Learning time: 0.085s 
                        Mean value loss: 0.0013
                    Mean surrogate loss: -0.0034
                      Mean entropy loss: 15.9194
                            Mean reward: 0.46
                    Mean episode length: 55.73
                        Mean action std: 0.91
           Mean episode rew_base_height: -0.0038
      Mean episode rew_tracking_ang_vel: 0.0086
           Mean episode rew_action_rate: -0.0057
    Mean episode rew_similar_to_default: -0.0117
      Mean episode rew_tracking_lin_vel: 0.0387
             Mean episode rew_lin_vel_z: -0.0035
--------------------------------------------------------------------------------
                         Iteration time: 0.17s
                           Time elapsed: 0:00:08
                                    ETA: 0:01:07

################################################################################
[1m                           Learning iteration 35/300                            [0m 

                               Run name: go2-walking
                            Total steps: 3538944 
                       Steps per second: 569445 
                        Collection time: 0.087s 
                          Learning time: 0.085s 
                        Mean value loss: 0.0012
                    Mean surrogate loss: -0.0043
                      Mean entropy loss: 15.8922
                            Mean reward: 0.50
                    Mean episode length: 60.97
                        Mean action std: 0.91
           Mean episode rew_base_height: -0.0039
      Mean episode rew_tracking_ang_vel: 0.0091
           Mean episode rew_action_rate: -0.0060
    Mean episode rew_similar_to_default: -0.0124
      Mean episode rew_tracking_lin_vel: 0.0403
             Mean episode rew_lin_vel_z: -0.0036
--------------------------------------------------------------------------------
                         Iteration time: 0.17s
                           Time elapsed: 0:00:09
                                    ETA: 0:01:06

################################################################################
[1m                           Learning iteration 36/300                            [0m 

                               Run name: go2-walking
                            Total steps: 3637248 
                       Steps per second: 570301 
                        Collection time: 0.087s 
                          Learning time: 0.085s 
                        Mean value loss: 0.0013
                    Mean surrogate loss: -0.0035
                      Mean entropy loss: 15.8489
                            Mean reward: 0.47
                    Mean episode length: 59.29
                        Mean action std: 0.91
           Mean episode rew_base_height: -0.0039
      Mean episode rew_tracking_ang_vel: 0.0094
           Mean episode rew_action_rate: -0.0062
    Mean episode rew_similar_to_default: -0.0128
      Mean episode rew_tracking_lin_vel: 0.0412
             Mean episode rew_lin_vel_z: -0.0036
--------------------------------------------------------------------------------
                         Iteration time: 0.17s
                           Time elapsed: 0:00:09
                                    ETA: 0:01:05

################################################################################
[1m                           Learning iteration 37/300                            [0m 

                               Run name: go2-walking
                            Total steps: 3735552 
                       Steps per second: 571382 
                        Collection time: 0.087s 
                          Learning time: 0.085s 
                        Mean value loss: 0.0010
                    Mean surrogate loss: -0.0053
                      Mean entropy loss: 15.8020
                            Mean reward: 0.53
                    Mean episode length: 63.28
                        Mean action std: 0.90
           Mean episode rew_base_height: -0.0039
      Mean episode rew_tracking_ang_vel: 0.0100
           Mean episode rew_action_rate: -0.0064
    Mean episode rew_similar_to_default: -0.0135
      Mean episode rew_tracking_lin_vel: 0.0433
             Mean episode rew_lin_vel_z: -0.0036
--------------------------------------------------------------------------------
                         Iteration time: 0.17s
                           Time elapsed: 0:00:09
                                    ETA: 0:01:04

################################################################################
[1m                           Learning iteration 38/300                            [0m 

                               Run name: go2-walking
                            Total steps: 3833856 
                       Steps per second: 570296 
                        Collection time: 0.087s 
                          Learning time: 0.085s 
                        Mean value loss: 0.0017
                    Mean surrogate loss: -0.0036
                      Mean entropy loss: 15.7366
                            Mean reward: 0.54
                    Mean episode length: 65.39
                        Mean action std: 0.90
           Mean episode rew_base_height: -0.0040
      Mean episode rew_tracking_ang_vel: 0.0106
           Mean episode rew_action_rate: -0.0068
    Mean episode rew_similar_to_default: -0.0142
      Mean episode rew_tracking_lin_vel: 0.0449
             Mean episode rew_lin_vel_z: -0.0037
--------------------------------------------------------------------------------
                         Iteration time: 0.17s
                           Time elapsed: 0:00:09
                                    ETA: 0:01:03

################################################################################
[1m                           Learning iteration 39/300                            [0m 

                               Run name: go2-walking
                            Total steps: 3932160 
                       Steps per second: 572550 
                        Collection time: 0.087s 
                          Learning time: 0.085s 
                        Mean value loss: 0.0011
                    Mean surrogate loss: -0.0019
                      Mean entropy loss: 15.6892
                            Mean reward: 0.61
                    Mean episode length: 74.92
                        Mean action std: 0.89
           Mean episode rew_base_height: -0.0041
      Mean episode rew_tracking_ang_vel: 0.0114
           Mean episode rew_action_rate: -0.0072
    Mean episode rew_similar_to_default: -0.0153
      Mean episode rew_tracking_lin_vel: 0.0476
             Mean episode rew_lin_vel_z: -0.0037
--------------------------------------------------------------------------------
                         Iteration time: 0.17s
                           Time elapsed: 0:00:09
                                    ETA: 0:01:03

################################################################################
[1m                           Learning iteration 40/300                            [0m 

                               Run name: go2-walking
                            Total steps: 4030464 
                       Steps per second: 572342 
                        Collection time: 0.087s 
                          Learning time: 0.085s 
                        Mean value loss: 0.0009
                    Mean surrogate loss: -0.0048
                      Mean entropy loss: 15.6600
                            Mean reward: 0.65
                    Mean episode length: 82.26
                        Mean action std: 0.89
           Mean episode rew_base_height: -0.0042
      Mean episode rew_tracking_ang_vel: 0.0126
           Mean episode rew_action_rate: -0.0079
    Mean episode rew_similar_to_default: -0.0167
      Mean episode rew_tracking_lin_vel: 0.0509
             Mean episode rew_lin_vel_z: -0.0038
--------------------------------------------------------------------------------
                         Iteration time: 0.17s
                           Time elapsed: 0:00:09
                                    ETA: 0:01:02

################################################################################
[1m                           Learning iteration 41/300                            [0m 

                               Run name: go2-walking
                            Total steps: 4128768 
                       Steps per second: 571635 
                        Collection time: 0.087s 
                          Learning time: 0.085s 
                        Mean value loss: 0.0009
                    Mean surrogate loss: -0.0026
                      Mean entropy loss: 15.6266
                            Mean reward: 0.66
                    Mean episode length: 87.24
                        Mean action std: 0.89
           Mean episode rew_base_height: -0.0043
      Mean episode rew_tracking_ang_vel: 0.0137
           Mean episode rew_action_rate: -0.0084
    Mean episode rew_similar_to_default: -0.0179
      Mean episode rew_tracking_lin_vel: 0.0538
             Mean episode rew_lin_vel_z: -0.0039
--------------------------------------------------------------------------------
                         Iteration time: 0.17s
                           Time elapsed: 0:00:10
                                    ETA: 0:01:01

################################################################################
[1m                           Learning iteration 42/300                            [0m 

                               Run name: go2-walking
                            Total steps: 4227072 
                       Steps per second: 571389 
                        Collection time: 0.087s 
                          Learning time: 0.085s 
                        Mean value loss: 0.0010
                    Mean surrogate loss: -0.0037
                      Mean entropy loss: 15.6040
                            Mean reward: 0.74
                    Mean episode length: 99.04
                        Mean action std: 0.89
           Mean episode rew_base_height: -0.0044
      Mean episode rew_tracking_ang_vel: 0.0147
           Mean episode rew_action_rate: -0.0090
    Mean episode rew_similar_to_default: -0.0189
      Mean episode rew_tracking_lin_vel: 0.0562
             Mean episode rew_lin_vel_z: -0.0040
--------------------------------------------------------------------------------
                         Iteration time: 0.17s
                           Time elapsed: 0:00:10
                                    ETA: 0:01:01

################################################################################
[1m                           Learning iteration 43/300                            [0m 

                               Run name: go2-walking
                            Total steps: 4325376 
                       Steps per second: 571979 
                        Collection time: 0.087s 
                          Learning time: 0.085s 
                        Mean value loss: 0.0009
                    Mean surrogate loss: -0.0042
                      Mean entropy loss: 15.5809
                            Mean reward: 0.77
                    Mean episode length: 101.62
                        Mean action std: 0.89
           Mean episode rew_base_height: -0.0046
      Mean episode rew_tracking_ang_vel: 0.0161
           Mean episode rew_action_rate: -0.0098
    Mean episode rew_similar_to_default: -0.0205
      Mean episode rew_tracking_lin_vel: 0.0600
             Mean episode rew_lin_vel_z: -0.0041
--------------------------------------------------------------------------------
                         Iteration time: 0.17s
                           Time elapsed: 0:00:10
                                    ETA: 0:01:00

################################################################################
[1m                           Learning iteration 44/300                            [0m 

                               Run name: go2-walking
                            Total steps: 4423680 
                       Steps per second: 572644 
                        Collection time: 0.086s 
                          Learning time: 0.085s 
                        Mean value loss: 0.0010
                    Mean surrogate loss: -0.0044
                      Mean entropy loss: 15.5691
                            Mean reward: 0.80
                    Mean episode length: 108.00
                        Mean action std: 0.89
           Mean episode rew_base_height: -0.0046
      Mean episode rew_tracking_ang_vel: 0.0169
           Mean episode rew_action_rate: -0.0102
    Mean episode rew_similar_to_default: -0.0213
      Mean episode rew_tracking_lin_vel: 0.0623
             Mean episode rew_lin_vel_z: -0.0041
--------------------------------------------------------------------------------
                         Iteration time: 0.17s
                           Time elapsed: 0:00:10
                                    ETA: 0:00:59

################################################################################
[1m                           Learning iteration 45/300                            [0m 

                               Run name: go2-walking
                            Total steps: 4521984 
                       Steps per second: 571617 
                        Collection time: 0.087s 
                          Learning time: 0.085s 
                        Mean value loss: 0.0009
                    Mean surrogate loss: -0.0041
                      Mean entropy loss: 15.5679
                            Mean reward: 0.88
                    Mean episode length: 122.92
                        Mean action std: 0.89
           Mean episode rew_base_height: -0.0047
      Mean episode rew_tracking_ang_vel: 0.0188
           Mean episode rew_action_rate: -0.0113
    Mean episode rew_similar_to_default: -0.0236
      Mean episode rew_tracking_lin_vel: 0.0675
             Mean episode rew_lin_vel_z: -0.0042
--------------------------------------------------------------------------------
                         Iteration time: 0.17s
                           Time elapsed: 0:00:10
                                    ETA: 0:00:59

################################################################################
[1m                           Learning iteration 46/300                            [0m 

                               Run name: go2-walking
                            Total steps: 4620288 
                       Steps per second: 572076 
                        Collection time: 0.087s 
                          Learning time: 0.085s 
                        Mean value loss: 0.0008
                    Mean surrogate loss: -0.0039
                      Mean entropy loss: 15.5480
                            Mean reward: 0.99
                    Mean episode length: 139.88
                        Mean action std: 0.89
           Mean episode rew_base_height: -0.0048
      Mean episode rew_tracking_ang_vel: 0.0210
           Mean episode rew_action_rate: -0.0126
    Mean episode rew_similar_to_default: -0.0262
      Mean episode rew_tracking_lin_vel: 0.0734
             Mean episode rew_lin_vel_z: -0.0043
--------------------------------------------------------------------------------
                         Iteration time: 0.17s
                           Time elapsed: 0:00:10
                                    ETA: 0:00:58

################################################################################
[1m                           Learning iteration 47/300                            [0m 

                               Run name: go2-walking
                            Total steps: 4718592 
                       Steps per second: 570312 
                        Collection time: 0.087s 
                          Learning time: 0.085s 
                        Mean value loss: 0.0010
                    Mean surrogate loss: -0.0065
                      Mean entropy loss: 15.5299
                            Mean reward: 0.97
                    Mean episode length: 136.06
                        Mean action std: 0.88
           Mean episode rew_base_height: -0.0047
      Mean episode rew_tracking_ang_vel: 0.0210
           Mean episode rew_action_rate: -0.0127
    Mean episode rew_similar_to_default: -0.0262
      Mean episode rew_tracking_lin_vel: 0.0736
             Mean episode rew_lin_vel_z: -0.0044
--------------------------------------------------------------------------------
                         Iteration time: 0.17s
                           Time elapsed: 0:00:11
                                    ETA: 0:00:58

################################################################################
[1m                           Learning iteration 48/300                            [0m 

                               Run name: go2-walking
                            Total steps: 4816896 
                       Steps per second: 570391 
                        Collection time: 0.087s 
                          Learning time: 0.085s 
                        Mean value loss: 0.0010
                    Mean surrogate loss: -0.0068
                      Mean entropy loss: 15.5082
                            Mean reward: 1.07
                    Mean episode length: 154.97
                        Mean action std: 0.88
           Mean episode rew_base_height: -0.0048
      Mean episode rew_tracking_ang_vel: 0.0235
           Mean episode rew_action_rate: -0.0141
    Mean episode rew_similar_to_default: -0.0291
      Mean episode rew_tracking_lin_vel: 0.0803
             Mean episode rew_lin_vel_z: -0.0045
--------------------------------------------------------------------------------
                         Iteration time: 0.17s
                           Time elapsed: 0:00:11
                                    ETA: 0:00:57

################################################################################
[1m                           Learning iteration 49/300                            [0m 

                               Run name: go2-walking
                            Total steps: 4915200 
                       Steps per second: 562680 
                        Collection time: 0.089s 
                          Learning time: 0.085s 
                        Mean value loss: 0.0013
                    Mean surrogate loss: -0.0060
                      Mean entropy loss: 15.4906
                            Mean reward: 1.04
                    Mean episode length: 151.55
                        Mean action std: 0.88
           Mean episode rew_base_height: -0.0049
      Mean episode rew_tracking_ang_vel: 0.0255
           Mean episode rew_action_rate: -0.0153
    Mean episode rew_similar_to_default: -0.0314
      Mean episode rew_tracking_lin_vel: 0.0850
             Mean episode rew_lin_vel_z: -0.0045
--------------------------------------------------------------------------------
                         Iteration time: 0.17s
                           Time elapsed: 0:00:11
                                    ETA: 0:00:57

################################################################################
[1m                           Learning iteration 50/300                            [0m 

                               Run name: go2-walking
                            Total steps: 5013504 
                       Steps per second: 563036 
                        Collection time: 0.089s 
                          Learning time: 0.085s 
                        Mean value loss: 0.0014
                    Mean surrogate loss: -0.0071
                      Mean entropy loss: 15.4843
                            Mean reward: 1.19
                    Mean episode length: 172.50
                        Mean action std: 0.88
           Mean episode rew_base_height: -0.0049
      Mean episode rew_tracking_ang_vel: 0.0270
           Mean episode rew_action_rate: -0.0162
    Mean episode rew_similar_to_default: -0.0333
      Mean episode rew_tracking_lin_vel: 0.0896
             Mean episode rew_lin_vel_z: -0.0046
--------------------------------------------------------------------------------
                         Iteration time: 0.17s
                           Time elapsed: 0:00:11
                                    ETA: 0:00:56

################################################################################
[1m                           Learning iteration 51/300                            [0m 

                               Run name: go2-walking
                            Total steps: 5111808 
                       Steps per second: 560046 
                        Collection time: 0.090s 
                          Learning time: 0.085s 
                        Mean value loss: 0.0015
                    Mean surrogate loss: -0.0050
                      Mean entropy loss: 15.4910
                            Mean reward: 1.33
                    Mean episode length: 196.98
                        Mean action std: 0.88
           Mean episode rew_base_height: -0.0051
      Mean episode rew_tracking_ang_vel: 0.0293
           Mean episode rew_action_rate: -0.0176
    Mean episode rew_similar_to_default: -0.0362
      Mean episode rew_tracking_lin_vel: 0.0975
             Mean episode rew_lin_vel_z: -0.0048
--------------------------------------------------------------------------------
                         Iteration time: 0.18s
                           Time elapsed: 0:00:11
                                    ETA: 0:00:56

################################################################################
[1m                           Learning iteration 52/300                            [0m 

                               Run name: go2-walking
                            Total steps: 5210112 
                       Steps per second: 552162 
                        Collection time: 0.093s 
                          Learning time: 0.085s 
                        Mean value loss: 0.0021
                    Mean surrogate loss: -0.0035
                      Mean entropy loss: 15.4919
                            Mean reward: 1.32
                    Mean episode length: 193.47
                        Mean action std: 0.88
           Mean episode rew_base_height: -0.0050
      Mean episode rew_tracking_ang_vel: 0.0302
           Mean episode rew_action_rate: -0.0183
    Mean episode rew_similar_to_default: -0.0378
      Mean episode rew_tracking_lin_vel: 0.1010
             Mean episode rew_lin_vel_z: -0.0048
--------------------------------------------------------------------------------
                         Iteration time: 0.18s
                           Time elapsed: 0:00:11
                                    ETA: 0:00:55

################################################################################
[1m                           Learning iteration 53/300                            [0m 

                               Run name: go2-walking
                            Total steps: 5308416 
                       Steps per second: 546069 
                        Collection time: 0.095s 
                          Learning time: 0.085s 
                        Mean value loss: 0.0024
                    Mean surrogate loss: -0.0042
                      Mean entropy loss: 15.5213
                            Mean reward: 1.44
                    Mean episode length: 209.12
                        Mean action std: 0.89
           Mean episode rew_base_height: -0.0050
      Mean episode rew_tracking_ang_vel: 0.0323
           Mean episode rew_action_rate: -0.0193
    Mean episode rew_similar_to_default: -0.0399
      Mean episode rew_tracking_lin_vel: 0.1067
             Mean episode rew_lin_vel_z: -0.0051
--------------------------------------------------------------------------------
                         Iteration time: 0.18s
                           Time elapsed: 0:00:12
                                    ETA: 0:00:55

################################################################################
[1m                           Learning iteration 54/300                            [0m 

                               Run name: go2-walking
                            Total steps: 5406720 
                       Steps per second: 543305 
                        Collection time: 0.096s 
                          Learning time: 0.085s 
                        Mean value loss: 0.0030
                    Mean surrogate loss: -0.0037
                      Mean entropy loss: 15.5328
                            Mean reward: 1.50
                    Mean episode length: 209.66
                        Mean action std: 0.89
           Mean episode rew_base_height: -0.0052
      Mean episode rew_tracking_ang_vel: 0.0331
           Mean episode rew_action_rate: -0.0200
    Mean episode rew_similar_to_default: -0.0423
      Mean episode rew_tracking_lin_vel: 0.1131
             Mean episode rew_lin_vel_z: -0.0053
--------------------------------------------------------------------------------
                         Iteration time: 0.18s
                           Time elapsed: 0:00:12
                                    ETA: 0:00:54

################################################################################
[1m                           Learning iteration 55/300                            [0m 

                               Run name: go2-walking
                            Total steps: 5505024 
                       Steps per second: 535258 
                        Collection time: 0.098s 
                          Learning time: 0.085s 
                        Mean value loss: 0.0033
                    Mean surrogate loss: -0.0022
                      Mean entropy loss: 15.5237
                            Mean reward: 1.66
                    Mean episode length: 231.14
                        Mean action std: 0.89
           Mean episode rew_base_height: -0.0055
      Mean episode rew_tracking_ang_vel: 0.0376
           Mean episode rew_action_rate: -0.0226
    Mean episode rew_similar_to_default: -0.0483
      Mean episode rew_tracking_lin_vel: 0.1283
             Mean episode rew_lin_vel_z: -0.0055
--------------------------------------------------------------------------------
                         Iteration time: 0.18s
                           Time elapsed: 0:00:12
                                    ETA: 0:00:54

################################################################################
[1m                           Learning iteration 56/300                            [0m 

                               Run name: go2-walking
                            Total steps: 5603328 
                       Steps per second: 545345 
                        Collection time: 0.095s 
                          Learning time: 0.085s 
                        Mean value loss: 0.0035
                    Mean surrogate loss: -0.0027
                      Mean entropy loss: 15.5427
                            Mean reward: 1.69
                    Mean episode length: 222.39
                        Mean action std: 0.89
           Mean episode rew_base_height: -0.0053
      Mean episode rew_tracking_ang_vel: 0.0348
           Mean episode rew_action_rate: -0.0208
    Mean episode rew_similar_to_default: -0.0450
      Mean episode rew_tracking_lin_vel: 0.1249
             Mean episode rew_lin_vel_z: -0.0056
--------------------------------------------------------------------------------
                         Iteration time: 0.18s
                           Time elapsed: 0:00:12
                                    ETA: 0:00:54

################################################################################
[1m                           Learning iteration 57/300                            [0m 

                               Run name: go2-walking
                            Total steps: 5701632 
                       Steps per second: 541183 
                        Collection time: 0.096s 
                          Learning time: 0.085s 
                        Mean value loss: 0.0041
                    Mean surrogate loss: -0.0038
                      Mean entropy loss: 15.5614
                            Mean reward: 2.17
                    Mean episode length: 282.17
                        Mean action std: 0.89
           Mean episode rew_base_height: -0.0062
      Mean episode rew_tracking_ang_vel: 0.0455
           Mean episode rew_action_rate: -0.0273
    Mean episode rew_similar_to_default: -0.0585
      Mean episode rew_tracking_lin_vel: 0.1612
             Mean episode rew_lin_vel_z: -0.0063
--------------------------------------------------------------------------------
                         Iteration time: 0.18s
                           Time elapsed: 0:00:12
                                    ETA: 0:00:53

################################################################################
[1m                           Learning iteration 58/300                            [0m 

                               Run name: go2-walking
                            Total steps: 5799936 
                       Steps per second: 540812 
                        Collection time: 0.097s 
                          Learning time: 0.085s 
                        Mean value loss: 0.0040
                    Mean surrogate loss: -0.0033
                      Mean entropy loss: 15.5654
                            Mean reward: 2.10
                    Mean episode length: 266.43
                        Mean action std: 0.89
           Mean episode rew_base_height: -0.0058
      Mean episode rew_tracking_ang_vel: 0.0430
           Mean episode rew_action_rate: -0.0260
    Mean episode rew_similar_to_default: -0.0556
      Mean episode rew_tracking_lin_vel: 0.1571
             Mean episode rew_lin_vel_z: -0.0062
--------------------------------------------------------------------------------
                         Iteration time: 0.18s
                           Time elapsed: 0:00:13
                                    ETA: 0:00:53

################################################################################
[1m                           Learning iteration 59/300                            [0m 

                               Run name: go2-walking
                            Total steps: 5898240 
                       Steps per second: 544376 
                        Collection time: 0.095s 
                          Learning time: 0.085s 
                        Mean value loss: 0.0050
                    Mean surrogate loss: -0.0028
                      Mean entropy loss: 15.5930
                            Mean reward: 2.40
                    Mean episode length: 297.96
                        Mean action std: 0.89
           Mean episode rew_base_height: -0.0062
      Mean episode rew_tracking_ang_vel: 0.0482
           Mean episode rew_action_rate: -0.0289
    Mean episode rew_similar_to_default: -0.0624
      Mean episode rew_tracking_lin_vel: 0.1776
             Mean episode rew_lin_vel_z: -0.0065
--------------------------------------------------------------------------------
                         Iteration time: 0.18s
                           Time elapsed: 0:00:13
                                    ETA: 0:00:52

################################################################################
[1m                           Learning iteration 60/300                            [0m 

                               Run name: go2-walking
                            Total steps: 5996544 
                       Steps per second: 541923 
                        Collection time: 0.096s 
                          Learning time: 0.085s 
                        Mean value loss: 0.0052
                    Mean surrogate loss: -0.0033
                      Mean entropy loss: 15.6110
                            Mean reward: 2.57
                    Mean episode length: 305.35
                        Mean action std: 0.89
           Mean episode rew_base_height: -0.0066
      Mean episode rew_tracking_ang_vel: 0.0468
           Mean episode rew_action_rate: -0.0284
    Mean episode rew_similar_to_default: -0.0612
      Mean episode rew_tracking_lin_vel: 0.1799
             Mean episode rew_lin_vel_z: -0.0068
--------------------------------------------------------------------------------
                         Iteration time: 0.18s
                           Time elapsed: 0:00:13
                                    ETA: 0:00:52

################################################################################
[1m                           Learning iteration 61/300                            [0m 

                               Run name: go2-walking
                            Total steps: 6094848 
                       Steps per second: 542625 
                        Collection time: 0.096s 
                          Learning time: 0.085s 
                        Mean value loss: 0.0058
                    Mean surrogate loss: -0.0041
                      Mean entropy loss: 15.6175
                            Mean reward: 2.91
                    Mean episode length: 341.32
                        Mean action std: 0.89
           Mean episode rew_base_height: -0.0067
      Mean episode rew_tracking_ang_vel: 0.0549
           Mean episode rew_action_rate: -0.0328
    Mean episode rew_similar_to_default: -0.0711
      Mean episode rew_tracking_lin_vel: 0.2072
             Mean episode rew_lin_vel_z: -0.0073
--------------------------------------------------------------------------------
                         Iteration time: 0.18s
                           Time elapsed: 0:00:13
                                    ETA: 0:00:52

################################################################################
[1m                           Learning iteration 62/300                            [0m 

                               Run name: go2-walking
                            Total steps: 6193152 
                       Steps per second: 545301 
                        Collection time: 0.095s 
                          Learning time: 0.085s 
                        Mean value loss: 0.0060
                    Mean surrogate loss: -0.0023
                      Mean entropy loss: 15.6285
                            Mean reward: 3.19
                    Mean episode length: 358.52
                        Mean action std: 0.89
           Mean episode rew_base_height: -0.0068
      Mean episode rew_tracking_ang_vel: 0.0546
           Mean episode rew_action_rate: -0.0332
    Mean episode rew_similar_to_default: -0.0706
      Mean episode rew_tracking_lin_vel: 0.2145
             Mean episode rew_lin_vel_z: -0.0076
--------------------------------------------------------------------------------
                         Iteration time: 0.18s
                           Time elapsed: 0:00:13
                                    ETA: 0:00:51

################################################################################
[1m                           Learning iteration 63/300                            [0m 

                               Run name: go2-walking
                            Total steps: 6291456 
                       Steps per second: 543659 
                        Collection time: 0.095s 
                          Learning time: 0.085s 
                        Mean value loss: 0.0056
                    Mean surrogate loss: -0.0016
                      Mean entropy loss: 15.6387
                            Mean reward: 3.31
                    Mean episode length: 370.19
                        Mean action std: 0.89
           Mean episode rew_base_height: -0.0075
      Mean episode rew_tracking_ang_vel: 0.0569
           Mean episode rew_action_rate: -0.0351
    Mean episode rew_similar_to_default: -0.0745
      Mean episode rew_tracking_lin_vel: 0.2286
             Mean episode rew_lin_vel_z: -0.0081
--------------------------------------------------------------------------------
                         Iteration time: 0.18s
                           Time elapsed: 0:00:13
                                    ETA: 0:00:51

################################################################################
[1m                           Learning iteration 64/300                            [0m 

                               Run name: go2-walking
                            Total steps: 6389760 
                       Steps per second: 547141 
                        Collection time: 0.094s 
                          Learning time: 0.085s 
                        Mean value loss: 0.0052
                    Mean surrogate loss: -0.0012
                      Mean entropy loss: 15.6310
                            Mean reward: 3.32
                    Mean episode length: 359.09
                        Mean action std: 0.89
           Mean episode rew_base_height: -0.0072
      Mean episode rew_tracking_ang_vel: 0.0552
           Mean episode rew_action_rate: -0.0342
    Mean episode rew_similar_to_default: -0.0733
      Mean episode rew_tracking_lin_vel: 0.2287
             Mean episode rew_lin_vel_z: -0.0080
--------------------------------------------------------------------------------
                         Iteration time: 0.18s
                           Time elapsed: 0:00:14
                                    ETA: 0:00:51

################################################################################
[1m                           Learning iteration 65/300                            [0m 

                               Run name: go2-walking
                            Total steps: 6488064 
                       Steps per second: 544235 
                        Collection time: 0.095s 
                          Learning time: 0.085s 
                        Mean value loss: 0.0050
                    Mean surrogate loss: -0.0012
                      Mean entropy loss: 15.6252
                            Mean reward: 3.58
                    Mean episode length: 388.36
                        Mean action std: 0.89
           Mean episode rew_base_height: -0.0072
      Mean episode rew_tracking_ang_vel: 0.0570
           Mean episode rew_action_rate: -0.0352
    Mean episode rew_similar_to_default: -0.0739
      Mean episode rew_tracking_lin_vel: 0.2350
             Mean episode rew_lin_vel_z: -0.0081
--------------------------------------------------------------------------------
                         Iteration time: 0.18s
                           Time elapsed: 0:00:14
                                    ETA: 0:00:50

################################################################################
[1m                           Learning iteration 66/300                            [0m 

                               Run name: go2-walking
                            Total steps: 6586368 
                       Steps per second: 548049 
                        Collection time: 0.094s 
                          Learning time: 0.085s 
                        Mean value loss: 0.0042
                    Mean surrogate loss: -0.0027
                      Mean entropy loss: 15.6178
                            Mean reward: 3.76
                    Mean episode length: 400.04
                        Mean action std: 0.89
           Mean episode rew_base_height: -0.0075
      Mean episode rew_tracking_ang_vel: 0.0580
           Mean episode rew_action_rate: -0.0366
    Mean episode rew_similar_to_default: -0.0762
      Mean episode rew_tracking_lin_vel: 0.2467
             Mean episode rew_lin_vel_z: -0.0085
--------------------------------------------------------------------------------
                         Iteration time: 0.18s
                           Time elapsed: 0:00:14
                                    ETA: 0:00:50

################################################################################
[1m                           Learning iteration 67/300                            [0m 

                               Run name: go2-walking
                            Total steps: 6684672 
                       Steps per second: 549615 
                        Collection time: 0.094s 
                          Learning time: 0.085s 
                        Mean value loss: 0.0031
                    Mean surrogate loss: -0.0038
                      Mean entropy loss: 15.6113
                            Mean reward: 3.96
                    Mean episode length: 413.24
                        Mean action std: 0.89
           Mean episode rew_base_height: -0.0075
      Mean episode rew_tracking_ang_vel: 0.0582
           Mean episode rew_action_rate: -0.0366
    Mean episode rew_similar_to_default: -0.0758
      Mean episode rew_tracking_lin_vel: 0.2523
             Mean episode rew_lin_vel_z: -0.0086
--------------------------------------------------------------------------------
                         Iteration time: 0.18s
                           Time elapsed: 0:00:14
                                    ETA: 0:00:50

################################################################################
[1m                           Learning iteration 68/300                            [0m 

                               Run name: go2-walking
                            Total steps: 6782976 
                       Steps per second: 550838 
                        Collection time: 0.093s 
                          Learning time: 0.085s 
                        Mean value loss: 0.0021
                    Mean surrogate loss: -0.0041
                      Mean entropy loss: 15.5783
                            Mean reward: 4.07
                    Mean episode length: 413.62
                        Mean action std: 0.89
           Mean episode rew_base_height: -0.0069
      Mean episode rew_tracking_ang_vel: 0.0530
           Mean episode rew_action_rate: -0.0334
    Mean episode rew_similar_to_default: -0.0680
      Mean episode rew_tracking_lin_vel: 0.2386
             Mean episode rew_lin_vel_z: -0.0078
--------------------------------------------------------------------------------
                         Iteration time: 0.18s
                           Time elapsed: 0:00:14
                                    ETA: 0:00:49

################################################################################
[1m                           Learning iteration 69/300                            [0m 

                               Run name: go2-walking
                            Total steps: 6881280 
                       Steps per second: 551697 
                        Collection time: 0.093s 
                          Learning time: 0.085s 
                        Mean value loss: 0.0021
                    Mean surrogate loss: -0.0024
                      Mean entropy loss: 15.5562
                            Mean reward: 4.45
                    Mean episode length: 446.53
                        Mean action std: 0.89
           Mean episode rew_base_height: -0.0063
      Mean episode rew_tracking_ang_vel: 0.0572
           Mean episode rew_action_rate: -0.0361
    Mean episode rew_similar_to_default: -0.0733
      Mean episode rew_tracking_lin_vel: 0.2508
             Mean episode rew_lin_vel_z: -0.0073
--------------------------------------------------------------------------------
                         Iteration time: 0.18s
                           Time elapsed: 0:00:15
                                    ETA: 0:00:49

################################################################################
[1m                           Learning iteration 70/300                            [0m 

                               Run name: go2-walking
                            Total steps: 6979584 
                       Steps per second: 553559 
                        Collection time: 0.092s 
                          Learning time: 0.085s 
                        Mean value loss: 0.0021
                    Mean surrogate loss: -0.0015
                      Mean entropy loss: 15.5149
                            Mean reward: 4.70
                    Mean episode length: 464.77
                        Mean action std: 0.88
           Mean episode rew_base_height: -0.0053
      Mean episode rew_tracking_ang_vel: 0.0452
           Mean episode rew_action_rate: -0.0291
    Mean episode rew_similar_to_default: -0.0585
      Mean episode rew_tracking_lin_vel: 0.2080
             Mean episode rew_lin_vel_z: -0.0066
--------------------------------------------------------------------------------
                         Iteration time: 0.18s
                           Time elapsed: 0:00:15
                                    ETA: 0:00:49

################################################################################
[1m                           Learning iteration 71/300                            [0m 

                               Run name: go2-walking
                            Total steps: 7077888 
                       Steps per second: 557413 
                        Collection time: 0.091s 
                          Learning time: 0.085s 
                        Mean value loss: 0.0011
                    Mean surrogate loss: -0.0047
                      Mean entropy loss: 15.4701
                            Mean reward: 4.84
                    Mean episode length: 475.52
                        Mean action std: 0.88
           Mean episode rew_base_height: -0.0019
      Mean episode rew_tracking_ang_vel: 0.0165
           Mean episode rew_action_rate: -0.0105
    Mean episode rew_similar_to_default: -0.0212
      Mean episode rew_tracking_lin_vel: 0.0762
             Mean episode rew_lin_vel_z: -0.0022
--------------------------------------------------------------------------------
                         Iteration time: 0.18s
                           Time elapsed: 0:00:15
                                    ETA: 0:00:48

################################################################################
[1m                           Learning iteration 72/300                            [0m 

                               Run name: go2-walking
                            Total steps: 7176192 
                       Steps per second: 558641 
                        Collection time: 0.091s 
                          Learning time: 0.085s 
                        Mean value loss: 0.0012
                    Mean surrogate loss: -0.0034
                      Mean entropy loss: 15.3854
                            Mean reward: 4.83
                    Mean episode length: 470.56
                        Mean action std: 0.87
           Mean episode rew_base_height: -0.0010
      Mean episode rew_tracking_ang_vel: 0.0081
           Mean episode rew_action_rate: -0.0052
    Mean episode rew_similar_to_default: -0.0106
      Mean episode rew_tracking_lin_vel: 0.0382
             Mean episode rew_lin_vel_z: -0.0013
--------------------------------------------------------------------------------
                         Iteration time: 0.18s
                           Time elapsed: 0:00:15
                                    ETA: 0:00:48

################################################################################
[1m                           Learning iteration 73/300                            [0m 

                               Run name: go2-walking
                            Total steps: 7274496 
                       Steps per second: 562019 
                        Collection time: 0.090s 
                          Learning time: 0.085s 
                        Mean value loss: 0.0011
                    Mean surrogate loss: -0.0029
                      Mean entropy loss: 15.3061
                            Mean reward: 4.94
                    Mean episode length: 478.47
                        Mean action std: 0.87
           Mean episode rew_base_height: -0.0014
      Mean episode rew_tracking_ang_vel: 0.0165
           Mean episode rew_action_rate: -0.0104
    Mean episode rew_similar_to_default: -0.0211
      Mean episode rew_tracking_lin_vel: 0.0737
             Mean episode rew_lin_vel_z: -0.0019
--------------------------------------------------------------------------------
                         Iteration time: 0.17s
                           Time elapsed: 0:00:15
                                    ETA: 0:00:48

################################################################################
[1m                           Learning iteration 74/300                            [0m 

                               Run name: go2-walking
                            Total steps: 7372800 
                       Steps per second: 565152 
                        Collection time: 0.089s 
                          Learning time: 0.085s 
                        Mean value loss: 0.0011
                    Mean surrogate loss: -0.0022
                      Mean entropy loss: 15.2276
                            Mean reward: 5.12
                    Mean episode length: 492.26
                        Mean action std: 0.86
           Mean episode rew_base_height: -0.0020
      Mean episode rew_tracking_ang_vel: 0.0179
           Mean episode rew_action_rate: -0.0117
    Mean episode rew_similar_to_default: -0.0223
      Mean episode rew_tracking_lin_vel: 0.0875
             Mean episode rew_lin_vel_z: -0.0026
--------------------------------------------------------------------------------
                         Iteration time: 0.17s
                           Time elapsed: 0:00:15
                                    ETA: 0:00:47

################################################################################
[1m                           Learning iteration 75/300                            [0m 

                               Run name: go2-walking
                            Total steps: 7471104 
                       Steps per second: 566950 
                        Collection time: 0.088s 
                          Learning time: 0.085s 
                        Mean value loss: 0.0008
                    Mean surrogate loss: -0.0021
                      Mean entropy loss: 15.1406
                            Mean reward: 5.26
                    Mean episode length: 504.65
                        Mean action std: 0.86
           Mean episode rew_base_height: -0.0034
      Mean episode rew_tracking_ang_vel: 0.0320
           Mean episode rew_action_rate: -0.0203
    Mean episode rew_similar_to_default: -0.0400
      Mean episode rew_tracking_lin_vel: 0.1401
             Mean episode rew_lin_vel_z: -0.0038
--------------------------------------------------------------------------------
                         Iteration time: 0.17s
                           Time elapsed: 0:00:16
                                    ETA: 0:00:47

################################################################################
[1m                           Learning iteration 76/300                            [0m 

                               Run name: go2-walking
                            Total steps: 7569408 
                       Steps per second: 568949 
                        Collection time: 0.088s 
                          Learning time: 0.085s 
                        Mean value loss: 0.0008
                    Mean surrogate loss: -0.0015
                      Mean entropy loss: 15.0732
                            Mean reward: 5.62
                    Mean episode length: 540.63
                        Mean action std: 0.85
           Mean episode rew_base_height: -0.0044
      Mean episode rew_tracking_ang_vel: 0.0387
           Mean episode rew_action_rate: -0.0245
    Mean episode rew_similar_to_default: -0.0473
      Mean episode rew_tracking_lin_vel: 0.1648
             Mean episode rew_lin_vel_z: -0.0044
--------------------------------------------------------------------------------
                         Iteration time: 0.17s
                           Time elapsed: 0:00:16
                                    ETA: 0:00:47

################################################################################
[1m                           Learning iteration 77/300                            [0m 

                               Run name: go2-walking
                            Total steps: 7667712 
                       Steps per second: 568284 
                        Collection time: 0.088s 
                          Learning time: 0.085s 
                        Mean value loss: 0.0010
                    Mean surrogate loss: -0.0046
                      Mean entropy loss: 14.9854
                            Mean reward: 6.17
                    Mean episode length: 592.59
                        Mean action std: 0.84
           Mean episode rew_base_height: -0.0049
      Mean episode rew_tracking_ang_vel: 0.0531
           Mean episode rew_action_rate: -0.0323
    Mean episode rew_similar_to_default: -0.0636
      Mean episode rew_tracking_lin_vel: 0.2242
             Mean episode rew_lin_vel_z: -0.0054
--------------------------------------------------------------------------------
                         Iteration time: 0.17s
                           Time elapsed: 0:00:16
                                    ETA: 0:00:46

################################################################################
[1m                           Learning iteration 78/300                            [0m 

                               Run name: go2-walking
                            Total steps: 7766016 
                       Steps per second: 567908 
                        Collection time: 0.088s 
                          Learning time: 0.085s 
                        Mean value loss: 0.0009
                    Mean surrogate loss: -0.0001
                      Mean entropy loss: 14.8921
                            Mean reward: 7.25
                    Mean episode length: 692.97
                        Mean action std: 0.84
           Mean episode rew_base_height: -0.0096
      Mean episode rew_tracking_ang_vel: 0.0999
           Mean episode rew_action_rate: -0.0617
    Mean episode rew_similar_to_default: -0.1200
      Mean episode rew_tracking_lin_vel: 0.4286
             Mean episode rew_lin_vel_z: -0.0104
--------------------------------------------------------------------------------
                         Iteration time: 0.17s
                           Time elapsed: 0:00:16
                                    ETA: 0:00:46

################################################################################
[1m                           Learning iteration 79/300                            [0m 

                               Run name: go2-walking
                            Total steps: 7864320 
                       Steps per second: 567519 
                        Collection time: 0.088s 
                          Learning time: 0.085s 
                        Mean value loss: 0.0012
                    Mean surrogate loss: -0.0017
                      Mean entropy loss: 14.8291
                            Mean reward: 9.67
                    Mean episode length: 928.34
                        Mean action std: 0.83
           Mean episode rew_base_height: -0.0119
      Mean episode rew_tracking_ang_vel: 0.1195
           Mean episode rew_action_rate: -0.0741
    Mean episode rew_similar_to_default: -0.1436
      Mean episode rew_tracking_lin_vel: 0.5219
             Mean episode rew_lin_vel_z: -0.0127
--------------------------------------------------------------------------------
                         Iteration time: 0.17s
                           Time elapsed: 0:00:16
                                    ETA: 0:00:46

################################################################################
[1m                           Learning iteration 80/300                            [0m 

                               Run name: go2-walking
                            Total steps: 7962624 
                       Steps per second: 570306 
                        Collection time: 0.087s 
                          Learning time: 0.085s 
                        Mean value loss: 0.0008
                    Mean surrogate loss: -0.0010
                      Mean entropy loss: 14.7459
                            Mean reward: 10.30
                    Mean episode length: 966.28
                        Mean action std: 0.83
           Mean episode rew_base_height: -0.0147
      Mean episode rew_tracking_ang_vel: 0.1539
           Mean episode rew_action_rate: -0.0950
    Mean episode rew_similar_to_default: -0.1833
      Mean episode rew_tracking_lin_vel: 0.6734
             Mean episode rew_lin_vel_z: -0.0164
--------------------------------------------------------------------------------
                         Iteration time: 0.17s
                           Time elapsed: 0:00:16
                                    ETA: 0:00:45

################################################################################
[1m                           Learning iteration 81/300                            [0m 

                               Run name: go2-walking
                            Total steps: 8060928 
                       Steps per second: 568114 
                        Collection time: 0.088s 
                          Learning time: 0.085s 
                        Mean value loss: 0.0007
                    Mean surrogate loss: 0.0003
                      Mean entropy loss: 14.6644
                            Mean reward: 10.85
                    Mean episode length: 994.37
                        Mean action std: 0.82
           Mean episode rew_base_height: -0.0150
      Mean episode rew_tracking_ang_vel: 0.1578
           Mean episode rew_action_rate: -0.0975
    Mean episode rew_similar_to_default: -0.1862
      Mean episode rew_tracking_lin_vel: 0.7000
             Mean episode rew_lin_vel_z: -0.0166
--------------------------------------------------------------------------------
                         Iteration time: 0.17s
                           Time elapsed: 0:00:17
                                    ETA: 0:00:45

################################################################################
[1m                           Learning iteration 82/300                            [0m 

                               Run name: go2-walking
                            Total steps: 8159232 
                       Steps per second: 568390 
                        Collection time: 0.088s 
                          Learning time: 0.085s 
                        Mean value loss: 0.0004
                    Mean surrogate loss: -0.0005
                      Mean entropy loss: 14.5680
                            Mean reward: 11.23
                    Mean episode length: 1001.00
                        Mean action std: 0.81
           Mean episode rew_base_height: -0.0146
      Mean episode rew_tracking_ang_vel: 0.1597
           Mean episode rew_action_rate: -0.0980
    Mean episode rew_similar_to_default: -0.1873
      Mean episode rew_tracking_lin_vel: 0.7169
             Mean episode rew_lin_vel_z: -0.0170
--------------------------------------------------------------------------------
                         Iteration time: 0.17s
                           Time elapsed: 0:00:17
                                    ETA: 0:00:45

################################################################################
[1m                           Learning iteration 83/300                            [0m 

                               Run name: go2-walking
                            Total steps: 8257536 
                       Steps per second: 562094 
                        Collection time: 0.090s 
                          Learning time: 0.085s 
                        Mean value loss: 0.0004
                    Mean surrogate loss: -0.0028
                      Mean entropy loss: 14.4222
                            Mean reward: 11.54
                    Mean episode length: 1001.00
                        Mean action std: 0.80
           Mean episode rew_base_height: -0.0142
      Mean episode rew_tracking_ang_vel: 0.1595
           Mean episode rew_action_rate: -0.0979
    Mean episode rew_similar_to_default: -0.1861
      Mean episode rew_tracking_lin_vel: 0.7295
             Mean episode rew_lin_vel_z: -0.0172
--------------------------------------------------------------------------------
                         Iteration time: 0.17s
                           Time elapsed: 0:00:17
                                    ETA: 0:00:44

################################################################################
[1m                           Learning iteration 84/300                            [0m 

                               Run name: go2-walking
                            Total steps: 8355840 
                       Steps per second: 573413 
                        Collection time: 0.086s 
                          Learning time: 0.085s 
                        Mean value loss: 0.0007
                    Mean surrogate loss: -0.0029
                      Mean entropy loss: 14.2890
                            Mean reward: 11.81
                    Mean episode length: 1001.00
                        Mean action std: 0.80
           Mean episode rew_base_height: -0.0144
      Mean episode rew_tracking_ang_vel: 0.1592
           Mean episode rew_action_rate: -0.0977
    Mean episode rew_similar_to_default: -0.1848
      Mean episode rew_tracking_lin_vel: 0.7415
             Mean episode rew_lin_vel_z: -0.0175
--------------------------------------------------------------------------------
                         Iteration time: 0.17s
                           Time elapsed: 0:00:17
                                    ETA: 0:00:44

################################################################################
[1m                           Learning iteration 85/300                            [0m 

                               Run name: go2-walking
                            Total steps: 8454144 
                       Steps per second: 575045 
                        Collection time: 0.086s 
                          Learning time: 0.085s 
                        Mean value loss: 0.0004
                    Mean surrogate loss: -0.0027
                      Mean entropy loss: 14.1611
                            Mean reward: 12.04
                    Mean episode length: 1001.00
                        Mean action std: 0.79
           Mean episode rew_base_height: -0.0138
      Mean episode rew_tracking_ang_vel: 0.1598
           Mean episode rew_action_rate: -0.0976
    Mean episode rew_similar_to_default: -0.1843
      Mean episode rew_tracking_lin_vel: 0.7539
             Mean episode rew_lin_vel_z: -0.0175
--------------------------------------------------------------------------------
                         Iteration time: 0.17s
                           Time elapsed: 0:00:17
                                    ETA: 0:00:44

################################################################################
[1m                           Learning iteration 86/300                            [0m 

                               Run name: go2-walking
                            Total steps: 8552448 
                       Steps per second: 570463 
                        Collection time: 0.087s 
                          Learning time: 0.085s 
                        Mean value loss: 0.0004
                    Mean surrogate loss: -0.0022
                      Mean entropy loss: 14.0361
                            Mean reward: 12.35
                    Mean episode length: 1001.00
                        Mean action std: 0.78
           Mean episode rew_base_height: -0.0142
      Mean episode rew_tracking_ang_vel: 0.1599
           Mean episode rew_action_rate: -0.0973
    Mean episode rew_similar_to_default: -0.1828
      Mean episode rew_tracking_lin_vel: 0.7673
             Mean episode rew_lin_vel_z: -0.0177
--------------------------------------------------------------------------------
                         Iteration time: 0.17s
                           Time elapsed: 0:00:17
                                    ETA: 0:00:44

################################################################################
[1m                           Learning iteration 87/300                            [0m 

                               Run name: go2-walking
                            Total steps: 8650752 
                       Steps per second: 575307 
                        Collection time: 0.086s 
                          Learning time: 0.085s 
                        Mean value loss: 0.0004
                    Mean surrogate loss: -0.0007
                      Mean entropy loss: 13.9414
                            Mean reward: 12.65
                    Mean episode length: 1001.00
                        Mean action std: 0.77
           Mean episode rew_base_height: -0.0139
      Mean episode rew_tracking_ang_vel: 0.1601
           Mean episode rew_action_rate: -0.0972
    Mean episode rew_similar_to_default: -0.1826
      Mean episode rew_tracking_lin_vel: 0.7800
             Mean episode rew_lin_vel_z: -0.0177
--------------------------------------------------------------------------------
                         Iteration time: 0.17s
                           Time elapsed: 0:00:18
                                    ETA: 0:00:43

################################################################################
[1m                           Learning iteration 88/300                            [0m 

                               Run name: go2-walking
                            Total steps: 8749056 
                       Steps per second: 575445 
                        Collection time: 0.085s 
                          Learning time: 0.085s 
                        Mean value loss: 0.0005
                    Mean surrogate loss: -0.0035
                      Mean entropy loss: 13.8321
                            Mean reward: 12.84
                    Mean episode length: 1001.00
                        Mean action std: 0.76
           Mean episode rew_base_height: -0.0140
      Mean episode rew_tracking_ang_vel: 0.1600
           Mean episode rew_action_rate: -0.0968
    Mean episode rew_similar_to_default: -0.1809
      Mean episode rew_tracking_lin_vel: 0.7884
             Mean episode rew_lin_vel_z: -0.0180
--------------------------------------------------------------------------------
                         Iteration time: 0.17s
                           Time elapsed: 0:00:18
                                    ETA: 0:00:43

################################################################################
[1m                           Learning iteration 89/300                            [0m 

                               Run name: go2-walking
                            Total steps: 8847360 
                       Steps per second: 573475 
                        Collection time: 0.086s 
                          Learning time: 0.085s 
                        Mean value loss: 0.0004
                    Mean surrogate loss: -0.0034
                      Mean entropy loss: 13.6761
                            Mean reward: 13.14
                    Mean episode length: 1001.00
                        Mean action std: 0.76
           Mean episode rew_base_height: -0.0140
      Mean episode rew_tracking_ang_vel: 0.1603
           Mean episode rew_action_rate: -0.0968
    Mean episode rew_similar_to_default: -0.1795
      Mean episode rew_tracking_lin_vel: 0.8021
             Mean episode rew_lin_vel_z: -0.0179
--------------------------------------------------------------------------------
                         Iteration time: 0.17s
                           Time elapsed: 0:00:18
                                    ETA: 0:00:43

################################################################################
[1m                           Learning iteration 90/300                            [0m 

                               Run name: go2-walking
                            Total steps: 8945664 
                       Steps per second: 572831 
                        Collection time: 0.086s 
                          Learning time: 0.085s 
                        Mean value loss: 0.0003
                    Mean surrogate loss: -0.0017
                      Mean entropy loss: 13.5483
                            Mean reward: 13.41
                    Mean episode length: 1001.00
                        Mean action std: 0.75
           Mean episode rew_base_height: -0.0138
      Mean episode rew_tracking_ang_vel: 0.1609
           Mean episode rew_action_rate: -0.0964
    Mean episode rew_similar_to_default: -0.1790
      Mean episode rew_tracking_lin_vel: 0.8143
             Mean episode rew_lin_vel_z: -0.0181
--------------------------------------------------------------------------------
                         Iteration time: 0.17s
                           Time elapsed: 0:00:18
                                    ETA: 0:00:42

################################################################################
[1m                           Learning iteration 91/300                            [0m 

                               Run name: go2-walking
                            Total steps: 9043968 
                       Steps per second: 574258 
                        Collection time: 0.086s 
                          Learning time: 0.085s 
                        Mean value loss: 0.0003
                    Mean surrogate loss: -0.0002
                      Mean entropy loss: 13.4012
                            Mean reward: 13.59
                    Mean episode length: 1001.00
                        Mean action std: 0.74
           Mean episode rew_base_height: -0.0139
      Mean episode rew_tracking_ang_vel: 0.1605
           Mean episode rew_action_rate: -0.0961
    Mean episode rew_similar_to_default: -0.1774
      Mean episode rew_tracking_lin_vel: 0.8246
             Mean episode rew_lin_vel_z: -0.0181
--------------------------------------------------------------------------------
                         Iteration time: 0.17s
                           Time elapsed: 0:00:18
                                    ETA: 0:00:42

################################################################################
[1m                           Learning iteration 92/300                            [0m 

                               Run name: go2-walking
                            Total steps: 9142272 
                       Steps per second: 577562 
                        Collection time: 0.085s 
                          Learning time: 0.085s 
                        Mean value loss: 0.0003
                    Mean surrogate loss: -0.0001
                      Mean entropy loss: 13.2522
                            Mean reward: 13.86
                    Mean episode length: 1001.00
                        Mean action std: 0.73
           Mean episode rew_base_height: -0.0129
      Mean episode rew_tracking_ang_vel: 0.1544
           Mean episode rew_action_rate: -0.0915
    Mean episode rew_similar_to_default: -0.1692
      Mean episode rew_tracking_lin_vel: 0.7991
             Mean episode rew_lin_vel_z: -0.0173
--------------------------------------------------------------------------------
                         Iteration time: 0.17s
                           Time elapsed: 0:00:19
                                    ETA: 0:00:42

################################################################################
[1m                           Learning iteration 93/300                            [0m 

                               Run name: go2-walking
                            Total steps: 9240576 
                       Steps per second: 577044 
                        Collection time: 0.085s 
                          Learning time: 0.085s 
                        Mean value loss: 0.0002
                    Mean surrogate loss: -0.0041
                      Mean entropy loss: 13.1201
                            Mean reward: 14.11
                    Mean episode length: 1001.00
                        Mean action std: 0.72
           Mean episode rew_base_height: -0.0134
      Mean episode rew_tracking_ang_vel: 0.1616
           Mean episode rew_action_rate: -0.0950
    Mean episode rew_similar_to_default: -0.1749
      Mean episode rew_tracking_lin_vel: 0.8458
             Mean episode rew_lin_vel_z: -0.0183
--------------------------------------------------------------------------------
                         Iteration time: 0.17s
                           Time elapsed: 0:00:19
                                    ETA: 0:00:42

################################################################################
[1m                           Learning iteration 94/300                            [0m 

                               Run name: go2-walking
                            Total steps: 9338880 
                       Steps per second: 576367 
                        Collection time: 0.085s 
                          Learning time: 0.085s 
                        Mean value loss: 0.0003
                    Mean surrogate loss: -0.0040
                      Mean entropy loss: 12.9165
                            Mean reward: 14.31
                    Mean episode length: 1001.00
                        Mean action std: 0.71
           Mean episode rew_base_height: -0.0130
      Mean episode rew_tracking_ang_vel: 0.1540
           Mean episode rew_action_rate: -0.0911
    Mean episode rew_similar_to_default: -0.1659
      Mean episode rew_tracking_lin_vel: 0.8188
             Mean episode rew_lin_vel_z: -0.0177
--------------------------------------------------------------------------------
                         Iteration time: 0.17s
                           Time elapsed: 0:00:19
                                    ETA: 0:00:41

################################################################################
[1m                           Learning iteration 95/300                            [0m 

                               Run name: go2-walking
                            Total steps: 9437184 
                       Steps per second: 575727 
                        Collection time: 0.086s 
                          Learning time: 0.085s 
                        Mean value loss: 0.0004
                    Mean surrogate loss: -0.0012
                      Mean entropy loss: 12.8075
                            Mean reward: 14.49
                    Mean episode length: 994.90
                        Mean action std: 0.70
           Mean episode rew_base_height: -0.0131
      Mean episode rew_tracking_ang_vel: 0.1616
           Mean episode rew_action_rate: -0.0938
    Mean episode rew_similar_to_default: -0.1702
      Mean episode rew_tracking_lin_vel: 0.8609
             Mean episode rew_lin_vel_z: -0.0179
--------------------------------------------------------------------------------
                         Iteration time: 0.17s
                           Time elapsed: 0:00:19
                                    ETA: 0:00:41

################################################################################
[1m                           Learning iteration 96/300                            [0m 

                               Run name: go2-walking
                            Total steps: 9535488 
                       Steps per second: 577255 
                        Collection time: 0.085s 
                          Learning time: 0.085s 
                        Mean value loss: 0.0003
                    Mean surrogate loss: -0.0011
                      Mean entropy loss: 12.6496
                            Mean reward: 14.74
                    Mean episode length: 1001.00
                        Mean action std: 0.69
           Mean episode rew_base_height: -0.0129
      Mean episode rew_tracking_ang_vel: 0.1552
           Mean episode rew_action_rate: -0.0897
    Mean episode rew_similar_to_default: -0.1614
      Mean episode rew_tracking_lin_vel: 0.8316
             Mean episode rew_lin_vel_z: -0.0172
--------------------------------------------------------------------------------
                         Iteration time: 0.17s
                           Time elapsed: 0:00:19
                                    ETA: 0:00:41

################################################################################
[1m                           Learning iteration 97/300                            [0m 

                               Run name: go2-walking
                            Total steps: 9633792 
                       Steps per second: 577643 
                        Collection time: 0.085s 
                          Learning time: 0.085s 
                        Mean value loss: 0.0002
                    Mean surrogate loss: -0.0018
                      Mean entropy loss: 12.5079
                            Mean reward: 14.96
                    Mean episode length: 1001.00
                        Mean action std: 0.68
           Mean episode rew_base_height: -0.0133
      Mean episode rew_tracking_ang_vel: 0.1624
           Mean episode rew_action_rate: -0.0930
    Mean episode rew_similar_to_default: -0.1668
      Mean episode rew_tracking_lin_vel: 0.8776
             Mean episode rew_lin_vel_z: -0.0184
--------------------------------------------------------------------------------
                         Iteration time: 0.17s
                           Time elapsed: 0:00:19
                                    ETA: 0:00:40

################################################################################
[1m                           Learning iteration 98/300                            [0m 

                               Run name: go2-walking
                            Total steps: 9732096 
                       Steps per second: 578908 
                        Collection time: 0.085s 
                          Learning time: 0.085s 
                        Mean value loss: 0.0002
                    Mean surrogate loss: -0.0014
                      Mean entropy loss: 12.3733
                            Mean reward: 15.17
                    Mean episode length: 1001.00
                        Mean action std: 0.68
           Mean episode rew_base_height: -0.0122
      Mean episode rew_tracking_ang_vel: 0.1562
           Mean episode rew_action_rate: -0.0887
    Mean episode rew_similar_to_default: -0.1576
      Mean episode rew_tracking_lin_vel: 0.8450
             Mean episode rew_lin_vel_z: -0.0171
--------------------------------------------------------------------------------
                         Iteration time: 0.17s
                           Time elapsed: 0:00:20
                                    ETA: 0:00:40

################################################################################
[1m                           Learning iteration 99/300                            [0m 

                               Run name: go2-walking
                            Total steps: 9830400 
                       Steps per second: 580257 
                        Collection time: 0.084s 
                          Learning time: 0.085s 
                        Mean value loss: 0.0002
                    Mean surrogate loss: -0.0015
                      Mean entropy loss: 12.2523
                            Mean reward: 15.34
                    Mean episode length: 1001.00
                        Mean action std: 0.67
           Mean episode rew_base_height: -0.0123
      Mean episode rew_tracking_ang_vel: 0.1633
           Mean episode rew_action_rate: -0.0920
    Mean episode rew_similar_to_default: -0.1635
      Mean episode rew_tracking_lin_vel: 0.8895
             Mean episode rew_lin_vel_z: -0.0177
--------------------------------------------------------------------------------
                         Iteration time: 0.17s
                           Time elapsed: 0:00:20
                                    ETA: 0:00:40

################################################################################
[1m                           Learning iteration 100/300                           [0m 

                               Run name: go2-walking
                            Total steps: 9928704 
                       Steps per second: 578156 
                        Collection time: 0.085s 
                          Learning time: 0.085s 
                        Mean value loss: 0.0003
                    Mean surrogate loss: -0.0038
                      Mean entropy loss: 12.0692
                            Mean reward: 15.54
                    Mean episode length: 1001.00
                        Mean action std: 0.66
           Mean episode rew_base_height: -0.0121
      Mean episode rew_tracking_ang_vel: 0.1576
           Mean episode rew_action_rate: -0.0873
    Mean episode rew_similar_to_default: -0.1546
      Mean episode rew_tracking_lin_vel: 0.8574
             Mean episode rew_lin_vel_z: -0.0170
--------------------------------------------------------------------------------
                         Iteration time: 0.17s
                           Time elapsed: 0:00:20
                                    ETA: 0:00:40

################################################################################
[1m                           Learning iteration 101/300                           [0m 

                               Run name: go2-walking
                            Total steps: 10027008 
                       Steps per second: 578622 
                        Collection time: 0.085s 
                          Learning time: 0.085s 
                        Mean value loss: 0.0003
                    Mean surrogate loss: -0.0025
                      Mean entropy loss: 11.9323
                            Mean reward: 15.75
                    Mean episode length: 1001.00
                        Mean action std: 0.65
           Mean episode rew_base_height: -0.0121
      Mean episode rew_tracking_ang_vel: 0.1647
           Mean episode rew_action_rate: -0.0901
    Mean episode rew_similar_to_default: -0.1594
      Mean episode rew_tracking_lin_vel: 0.9001
             Mean episode rew_lin_vel_z: -0.0177
--------------------------------------------------------------------------------
                         Iteration time: 0.17s
                           Time elapsed: 0:00:20
                                    ETA: 0:00:39

################################################################################
[1m                           Learning iteration 102/300                           [0m 

                               Run name: go2-walking
                            Total steps: 10125312 
                       Steps per second: 580440 
                        Collection time: 0.084s 
                          Learning time: 0.085s 
                        Mean value loss: 0.0002
                    Mean surrogate loss: -0.0026
                      Mean entropy loss: 11.7748
                            Mean reward: 15.85
                    Mean episode length: 1001.00
                        Mean action std: 0.64
           Mean episode rew_base_height: -0.0121
      Mean episode rew_tracking_ang_vel: 0.1651
           Mean episode rew_action_rate: -0.0892
    Mean episode rew_similar_to_default: -0.1581
      Mean episode rew_tracking_lin_vel: 0.9032
             Mean episode rew_lin_vel_z: -0.0174
--------------------------------------------------------------------------------
                         Iteration time: 0.17s
                           Time elapsed: 0:00:20
                                    ETA: 0:00:39

################################################################################
[1m                           Learning iteration 103/300                           [0m 

                               Run name: go2-walking
                            Total steps: 10223616 
                       Steps per second: 579570 
                        Collection time: 0.084s 
                          Learning time: 0.085s 
                        Mean value loss: 0.0002
                    Mean surrogate loss: 0.0001
                      Mean entropy loss: 11.6676
                            Mean reward: 15.95
                    Mean episode length: 1001.00
                        Mean action std: 0.64
           Mean episode rew_base_height: -0.0120
      Mean episode rew_tracking_ang_vel: 0.1659
           Mean episode rew_action_rate: -0.0885
    Mean episode rew_similar_to_default: -0.1562
      Mean episode rew_tracking_lin_vel: 0.9066
             Mean episode rew_lin_vel_z: -0.0174
--------------------------------------------------------------------------------
                         Iteration time: 0.17s
                           Time elapsed: 0:00:20
                                    ETA: 0:00:39

################################################################################
[1m                           Learning iteration 104/300                           [0m 

                               Run name: go2-walking
                            Total steps: 10321920 
                       Steps per second: 579487 
                        Collection time: 0.084s 
                          Learning time: 0.085s 
                        Mean value loss: 0.0002
                    Mean surrogate loss: -0.0027
                      Mean entropy loss: 11.5164
                            Mean reward: 16.07
                    Mean episode length: 1001.00
                        Mean action std: 0.63
           Mean episode rew_base_height: -0.0116
      Mean episode rew_tracking_ang_vel: 0.1662
           Mean episode rew_action_rate: -0.0875
    Mean episode rew_similar_to_default: -0.1535
      Mean episode rew_tracking_lin_vel: 0.9070
             Mean episode rew_lin_vel_z: -0.0172
--------------------------------------------------------------------------------
                         Iteration time: 0.17s
                           Time elapsed: 0:00:21
                                    ETA: 0:00:39

################################################################################
[1m                           Learning iteration 105/300                           [0m 

                               Run name: go2-walking
                            Total steps: 10420224 
                       Steps per second: 579924 
                        Collection time: 0.084s 
                          Learning time: 0.085s 
                        Mean value loss: 0.0002
                    Mean surrogate loss: -0.0040
                      Mean entropy loss: 11.3745
                            Mean reward: 16.20
                    Mean episode length: 1001.00
                        Mean action std: 0.62
           Mean episode rew_base_height: -0.0114
      Mean episode rew_tracking_ang_vel: 0.1669
           Mean episode rew_action_rate: -0.0862
    Mean episode rew_similar_to_default: -0.1530
      Mean episode rew_tracking_lin_vel: 0.9095
             Mean episode rew_lin_vel_z: -0.0169
--------------------------------------------------------------------------------
                         Iteration time: 0.17s
                           Time elapsed: 0:00:21
                                    ETA: 0:00:38

################################################################################
[1m                           Learning iteration 106/300                           [0m 

                               Run name: go2-walking
                            Total steps: 10518528 
                       Steps per second: 581798 
                        Collection time: 0.084s 
                          Learning time: 0.085s 
                        Mean value loss: 0.0002
                    Mean surrogate loss: -0.0035
                      Mean entropy loss: 11.2207
                            Mean reward: 16.36
                    Mean episode length: 1001.00
                        Mean action std: 0.61
           Mean episode rew_base_height: -0.0111
      Mean episode rew_tracking_ang_vel: 0.1678
           Mean episode rew_action_rate: -0.0853
    Mean episode rew_similar_to_default: -0.1512
      Mean episode rew_tracking_lin_vel: 0.9141
             Mean episode rew_lin_vel_z: -0.0165
--------------------------------------------------------------------------------
                         Iteration time: 0.17s
                           Time elapsed: 0:00:21
                                    ETA: 0:00:38

################################################################################
[1m                           Learning iteration 107/300                           [0m 

                               Run name: go2-walking
                            Total steps: 10616832 
                       Steps per second: 580311 
                        Collection time: 0.084s 
                          Learning time: 0.085s 
                        Mean value loss: 0.0002
                    Mean surrogate loss: -0.0026
                      Mean entropy loss: 11.0625
                            Mean reward: 16.42
                    Mean episode length: 1001.00
                        Mean action std: 0.61
           Mean episode rew_base_height: -0.0095
      Mean episode rew_tracking_ang_vel: 0.1474
           Mean episode rew_action_rate: -0.0738
    Mean episode rew_similar_to_default: -0.1315
      Mean episode rew_tracking_lin_vel: 0.8003
             Mean episode rew_lin_vel_z: -0.0143
--------------------------------------------------------------------------------
                         Iteration time: 0.17s
                           Time elapsed: 0:00:21
                                    ETA: 0:00:38

################################################################################
[1m                           Learning iteration 108/300                           [0m 

                               Run name: go2-walking
                            Total steps: 10715136 
                       Steps per second: 581791 
                        Collection time: 0.084s 
                          Learning time: 0.085s 
                        Mean value loss: 0.0001
                    Mean surrogate loss: -0.0030
                      Mean entropy loss: 10.9140
                            Mean reward: 16.52
                    Mean episode length: 1001.00
                        Mean action std: 0.60
           Mean episode rew_base_height: -0.0100
      Mean episode rew_tracking_ang_vel: 0.1624
           Mean episode rew_action_rate: -0.0795
    Mean episode rew_similar_to_default: -0.1422
      Mean episode rew_tracking_lin_vel: 0.8788
             Mean episode rew_lin_vel_z: -0.0152
--------------------------------------------------------------------------------
                         Iteration time: 0.17s
                           Time elapsed: 0:00:21
                                    ETA: 0:00:38

################################################################################
[1m                           Learning iteration 109/300                           [0m 

                               Run name: go2-walking
                            Total steps: 10813440 
                       Steps per second: 582430 
                        Collection time: 0.084s 
                          Learning time: 0.085s 
                        Mean value loss: 0.0001
                    Mean surrogate loss: -0.0035
                      Mean entropy loss: 10.7231
                            Mean reward: 16.64
                    Mean episode length: 1001.00
                        Mean action std: 0.59
           Mean episode rew_base_height: -0.0079
      Mean episode rew_tracking_ang_vel: 0.1342
           Mean episode rew_action_rate: -0.0651
    Mean episode rew_similar_to_default: -0.1168
      Mean episode rew_tracking_lin_vel: 0.7299
             Mean episode rew_lin_vel_z: -0.0123
--------------------------------------------------------------------------------
                         Iteration time: 0.17s
                           Time elapsed: 0:00:21
                                    ETA: 0:00:37

################################################################################
[1m                           Learning iteration 110/300                           [0m 

                               Run name: go2-walking
                            Total steps: 10911744 
                       Steps per second: 581412 
                        Collection time: 0.084s 
                          Learning time: 0.085s 
                        Mean value loss: 0.0001
                    Mean surrogate loss: -0.0000
                      Mean entropy loss: 10.5735
                            Mean reward: 16.71
                    Mean episode length: 1001.00
                        Mean action std: 0.58
           Mean episode rew_base_height: -0.0071
      Mean episode rew_tracking_ang_vel: 0.1212
           Mean episode rew_action_rate: -0.0575
    Mean episode rew_similar_to_default: -0.1037
      Mean episode rew_tracking_lin_vel: 0.6552
             Mean episode rew_lin_vel_z: -0.0110
--------------------------------------------------------------------------------
                         Iteration time: 0.17s
                           Time elapsed: 0:00:22
                                    ETA: 0:00:37

################################################################################
[1m                           Learning iteration 111/300                           [0m 

                               Run name: go2-walking
                            Total steps: 11010048 
                       Steps per second: 582089 
                        Collection time: 0.084s 
                          Learning time: 0.085s 
                        Mean value loss: 0.0001
                    Mean surrogate loss: -0.0022
                      Mean entropy loss: 10.4142
                            Mean reward: 16.81
                    Mean episode length: 1001.00
                        Mean action std: 0.57
           Mean episode rew_base_height: -0.0078
      Mean episode rew_tracking_ang_vel: 0.1357
           Mean episode rew_action_rate: -0.0632
    Mean episode rew_similar_to_default: -0.1136
      Mean episode rew_tracking_lin_vel: 0.7298
             Mean episode rew_lin_vel_z: -0.0120
--------------------------------------------------------------------------------
                         Iteration time: 0.17s
                           Time elapsed: 0:00:22
                                    ETA: 0:00:37

################################################################################
[1m                           Learning iteration 112/300                           [0m 

                               Run name: go2-walking
                            Total steps: 11108352 
                       Steps per second: 577353 
                        Collection time: 0.085s 
                          Learning time: 0.085s 
                        Mean value loss: 0.0001
                    Mean surrogate loss: -0.0030
                      Mean entropy loss: 10.2552
                            Mean reward: 16.84
                    Mean episode length: 1001.00
                        Mean action std: 0.57
           Mean episode rew_base_height: -0.0042
      Mean episode rew_tracking_ang_vel: 0.0721
           Mean episode rew_action_rate: -0.0329
    Mean episode rew_similar_to_default: -0.0591
      Mean episode rew_tracking_lin_vel: 0.3846
             Mean episode rew_lin_vel_z: -0.0063
--------------------------------------------------------------------------------
                         Iteration time: 0.17s
                           Time elapsed: 0:00:22
                                    ETA: 0:00:37

################################################################################
[1m                           Learning iteration 113/300                           [0m 

                               Run name: go2-walking
                            Total steps: 11206656 
                       Steps per second: 586982 
                        Collection time: 0.082s 
                          Learning time: 0.085s 
                        Mean value loss: 0.0003
                    Mean surrogate loss: -0.0017
                      Mean entropy loss: 10.1510
                            Mean reward: 16.78
                    Mean episode length: 996.31
                        Mean action std: 0.56
           Mean episode rew_base_height: -0.0018
      Mean episode rew_tracking_ang_vel: 0.0328
           Mean episode rew_action_rate: -0.0142
    Mean episode rew_similar_to_default: -0.0273
      Mean episode rew_tracking_lin_vel: 0.1740
             Mean episode rew_lin_vel_z: -0.0028
--------------------------------------------------------------------------------
                         Iteration time: 0.17s
                           Time elapsed: 0:00:22
                                    ETA: 0:00:36

################################################################################
[1m                           Learning iteration 114/300                           [0m 

                               Run name: go2-walking
                            Total steps: 11304960 
                       Steps per second: 586414 
                        Collection time: 0.082s 
                          Learning time: 0.085s 
                        Mean value loss: 0.0001
                    Mean surrogate loss: -0.0061
                      Mean entropy loss: 10.0069
                            Mean reward: 16.82
                    Mean episode length: 996.31
                        Mean action std: 0.55
           Mean episode rew_base_height: -0.0016
      Mean episode rew_tracking_ang_vel: 0.0288
           Mean episode rew_action_rate: -0.0127
    Mean episode rew_similar_to_default: -0.0236
      Mean episode rew_tracking_lin_vel: 0.1557
             Mean episode rew_lin_vel_z: -0.0025
--------------------------------------------------------------------------------
                         Iteration time: 0.17s
                           Time elapsed: 0:00:22
                                    ETA: 0:00:36

################################################################################
[1m                           Learning iteration 115/300                           [0m 

                               Run name: go2-walking
                            Total steps: 11403264 
                       Steps per second: 586346 
                        Collection time: 0.082s 
                          Learning time: 0.085s 
                        Mean value loss: 0.0001
                    Mean surrogate loss: -0.0036
                      Mean entropy loss: 9.8164
                            Mean reward: 16.84
                    Mean episode length: 996.31
                        Mean action std: 0.55
           Mean episode rew_base_height: -0.0018
      Mean episode rew_tracking_ang_vel: 0.0362
           Mean episode rew_action_rate: -0.0156
    Mean episode rew_similar_to_default: -0.0293
      Mean episode rew_tracking_lin_vel: 0.1927
             Mean episode rew_lin_vel_z: -0.0030
--------------------------------------------------------------------------------
                         Iteration time: 0.17s
                           Time elapsed: 0:00:22
                                    ETA: 0:00:36

################################################################################
[1m                           Learning iteration 116/300                           [0m 

                               Run name: go2-walking
                            Total steps: 11501568 
                       Steps per second: 585184 
                        Collection time: 0.083s 
                          Learning time: 0.085s 
                        Mean value loss: 0.0001
                    Mean surrogate loss: -0.0020
                      Mean entropy loss: 9.6532
                            Mean reward: 16.88
                    Mean episode length: 996.31
                        Mean action std: 0.54
           Mean episode rew_base_height: -0.0015
      Mean episode rew_tracking_ang_vel: 0.0293
           Mean episode rew_action_rate: -0.0122
    Mean episode rew_similar_to_default: -0.0232
      Mean episode rew_tracking_lin_vel: 0.1559
             Mean episode rew_lin_vel_z: -0.0022
--------------------------------------------------------------------------------
                         Iteration time: 0.17s
                           Time elapsed: 0:00:23
                                    ETA: 0:00:36

################################################################################
[1m                           Learning iteration 117/300                           [0m 

                               Run name: go2-walking
                            Total steps: 11599872 
                       Steps per second: 585566 
                        Collection time: 0.083s 
                          Learning time: 0.085s 
                        Mean value loss: 0.0001
                    Mean surrogate loss: -0.0068
                      Mean entropy loss: 9.5219
                            Mean reward: 16.92
                    Mean episode length: 996.31
                        Mean action std: 0.53
           Mean episode rew_base_height: -0.0020
      Mean episode rew_tracking_ang_vel: 0.0439
           Mean episode rew_action_rate: -0.0179
    Mean episode rew_similar_to_default: -0.0353
      Mean episode rew_tracking_lin_vel: 0.2320
             Mean episode rew_lin_vel_z: -0.0034
--------------------------------------------------------------------------------
                         Iteration time: 0.17s
                           Time elapsed: 0:00:23
                                    ETA: 0:00:35

################################################################################
[1m                           Learning iteration 118/300                           [0m 

                               Run name: go2-walking
                            Total steps: 11698176 
                       Steps per second: 584770 
                        Collection time: 0.083s 
                          Learning time: 0.085s 
                        Mean value loss: 0.0001
                    Mean surrogate loss: -0.0051
                      Mean entropy loss: 9.3368
                            Mean reward: 17.05
                    Mean episode length: 996.31
                        Mean action std: 0.52
           Mean episode rew_base_height: -0.0038
      Mean episode rew_tracking_ang_vel: 0.0807
           Mean episode rew_action_rate: -0.0324
    Mean episode rew_similar_to_default: -0.0628
      Mean episode rew_tracking_lin_vel: 0.4288
             Mean episode rew_lin_vel_z: -0.0062
--------------------------------------------------------------------------------
                         Iteration time: 0.17s
                           Time elapsed: 0:00:23
                                    ETA: 0:00:35

################################################################################
[1m                           Learning iteration 119/300                           [0m 

                               Run name: go2-walking
                            Total steps: 11796480 
                       Steps per second: 585729 
                        Collection time: 0.082s 
                          Learning time: 0.085s 
                        Mean value loss: 0.0001
                    Mean surrogate loss: -0.0028
                      Mean entropy loss: 9.1434
                            Mean reward: 17.13
                    Mean episode length: 996.31
                        Mean action std: 0.52
           Mean episode rew_base_height: -0.0027
      Mean episode rew_tracking_ang_vel: 0.0587
           Mean episode rew_action_rate: -0.0232
    Mean episode rew_similar_to_default: -0.0455
      Mean episode rew_tracking_lin_vel: 0.3127
             Mean episode rew_lin_vel_z: -0.0045
--------------------------------------------------------------------------------
                         Iteration time: 0.17s
                           Time elapsed: 0:00:23
                                    ETA: 0:00:35

################################################################################
[1m                           Learning iteration 120/300                           [0m 

                               Run name: go2-walking
                            Total steps: 11894784 
                       Steps per second: 583381 
                        Collection time: 0.083s 
                          Learning time: 0.086s 
                        Mean value loss: 0.0001
                    Mean surrogate loss: -0.0035
                      Mean entropy loss: 8.9638
                            Mean reward: 17.44
                    Mean episode length: 996.31
                        Mean action std: 0.51
           Mean episode rew_base_height: -0.0064
      Mean episode rew_tracking_ang_vel: 0.1400
           Mean episode rew_action_rate: -0.0540
    Mean episode rew_similar_to_default: -0.1075
      Mean episode rew_tracking_lin_vel: 0.7429
             Mean episode rew_lin_vel_z: -0.0103
--------------------------------------------------------------------------------
                         Iteration time: 0.17s
                           Time elapsed: 0:00:23
                                    ETA: 0:00:35

################################################################################
[1m                           Learning iteration 121/300                           [0m 

                               Run name: go2-walking
                            Total steps: 11993088 
                       Steps per second: 583689 
                        Collection time: 0.083s 
                          Learning time: 0.085s 
                        Mean value loss: 0.0001
                    Mean surrogate loss: -0.0014
                      Mean entropy loss: 8.7963
                            Mean reward: 17.84
                    Mean episode length: 1001.00
                        Mean action std: 0.50
           Mean episode rew_base_height: -0.0065
      Mean episode rew_tracking_ang_vel: 0.1557
           Mean episode rew_action_rate: -0.0583
    Mean episode rew_similar_to_default: -0.1176
      Mean episode rew_tracking_lin_vel: 0.8204
             Mean episode rew_lin_vel_z: -0.0109
--------------------------------------------------------------------------------
                         Iteration time: 0.17s
                           Time elapsed: 0:00:23
                                    ETA: 0:00:34

################################################################################
[1m                           Learning iteration 122/300                           [0m 

                               Run name: go2-walking
                            Total steps: 12091392 
                       Steps per second: 583003 
                        Collection time: 0.083s 
                          Learning time: 0.085s 
                        Mean value loss: 0.0001
                    Mean surrogate loss: -0.0016
                      Mean entropy loss: 8.6654
                            Mean reward: 17.96
                    Mean episode length: 1001.00
                        Mean action std: 0.50
           Mean episode rew_base_height: -0.0075
      Mean episode rew_tracking_ang_vel: 0.1784
           Mean episode rew_action_rate: -0.0658
    Mean episode rew_similar_to_default: -0.1336
      Mean episode rew_tracking_lin_vel: 0.9393
             Mean episode rew_lin_vel_z: -0.0123
--------------------------------------------------------------------------------
                         Iteration time: 0.17s
                           Time elapsed: 0:00:24
                                    ETA: 0:00:34

################################################################################
[1m                           Learning iteration 123/300                           [0m 

                               Run name: go2-walking
                            Total steps: 12189696 
                       Steps per second: 590746 
                        Collection time: 0.083s 
                          Learning time: 0.083s 
                        Mean value loss: 0.0001
                    Mean surrogate loss: -0.0015
                      Mean entropy loss: 8.5626
                            Mean reward: 18.08
                    Mean episode length: 1001.00
                        Mean action std: 0.49
           Mean episode rew_base_height: -0.0072
      Mean episode rew_tracking_ang_vel: 0.1791
           Mean episode rew_action_rate: -0.0645
    Mean episode rew_similar_to_default: -0.1335
      Mean episode rew_tracking_lin_vel: 0.9424
             Mean episode rew_lin_vel_z: -0.0122
--------------------------------------------------------------------------------
                         Iteration time: 0.17s
                           Time elapsed: 0:00:24
                                    ETA: 0:00:34

################################################################################
[1m                           Learning iteration 124/300                           [0m 

                               Run name: go2-walking
                            Total steps: 12288000 
                       Steps per second: 589539 
                        Collection time: 0.084s 
                          Learning time: 0.083s 
                        Mean value loss: 0.0001
                    Mean surrogate loss: -0.0006
                      Mean entropy loss: 8.4778
                            Mean reward: 18.19
                    Mean episode length: 1001.00
                        Mean action std: 0.49
           Mean episode rew_base_height: -0.0070
      Mean episode rew_tracking_ang_vel: 0.1795
           Mean episode rew_action_rate: -0.0630
    Mean episode rew_similar_to_default: -0.1322
      Mean episode rew_tracking_lin_vel: 0.9429
             Mean episode rew_lin_vel_z: -0.0119
--------------------------------------------------------------------------------
                         Iteration time: 0.17s
                           Time elapsed: 0:00:24
                                    ETA: 0:00:34

################################################################################
[1m                           Learning iteration 125/300                           [0m 

                               Run name: go2-walking
                            Total steps: 12386304 
                       Steps per second: 590924 
                        Collection time: 0.083s 
                          Learning time: 0.083s 
                        Mean value loss: 0.0001
                    Mean surrogate loss: -0.0024
                      Mean entropy loss: 8.3820
                            Mean reward: 18.27
                    Mean episode length: 1001.00
                        Mean action std: 0.49
           Mean episode rew_base_height: -0.0069
      Mean episode rew_tracking_ang_vel: 0.1799
           Mean episode rew_action_rate: -0.0619
    Mean episode rew_similar_to_default: -0.1316
      Mean episode rew_tracking_lin_vel: 0.9449
             Mean episode rew_lin_vel_z: -0.0118
--------------------------------------------------------------------------------
                         Iteration time: 0.17s
                           Time elapsed: 0:00:24
                                    ETA: 0:00:33

################################################################################
[1m                           Learning iteration 126/300                           [0m 

                               Run name: go2-walking
                            Total steps: 12484608 
                       Steps per second: 588197 
                        Collection time: 0.084s 
                          Learning time: 0.083s 
                        Mean value loss: 0.0001
                    Mean surrogate loss: -0.0031
                      Mean entropy loss: 8.3111
                            Mean reward: 18.34
                    Mean episode length: 1001.00
                        Mean action std: 0.48
           Mean episode rew_base_height: -0.0068
      Mean episode rew_tracking_ang_vel: 0.1805
           Mean episode rew_action_rate: -0.0607
    Mean episode rew_similar_to_default: -0.1313
      Mean episode rew_tracking_lin_vel: 0.9458
             Mean episode rew_lin_vel_z: -0.0117
--------------------------------------------------------------------------------
                         Iteration time: 0.17s
                           Time elapsed: 0:00:24
                                    ETA: 0:00:33

################################################################################
[1m                           Learning iteration 127/300                           [0m 

                               Run name: go2-walking
                            Total steps: 12582912 
                       Steps per second: 589612 
                        Collection time: 0.084s 
                          Learning time: 0.083s 
                        Mean value loss: 0.0001
                    Mean surrogate loss: -0.0044
                      Mean entropy loss: 8.2247
                            Mean reward: 18.44
                    Mean episode length: 1001.00
                        Mean action std: 0.48
           Mean episode rew_base_height: -0.0066
      Mean episode rew_tracking_ang_vel: 0.1812
           Mean episode rew_action_rate: -0.0594
    Mean episode rew_similar_to_default: -0.1303
      Mean episode rew_tracking_lin_vel: 0.9477
             Mean episode rew_lin_vel_z: -0.0115
--------------------------------------------------------------------------------
                         Iteration time: 0.17s
                           Time elapsed: 0:00:24
                                    ETA: 0:00:33

################################################################################
[1m                           Learning iteration 128/300                           [0m 

                               Run name: go2-walking
                            Total steps: 12681216 
                       Steps per second: 589609 
                        Collection time: 0.084s 
                          Learning time: 0.083s 
                        Mean value loss: 0.0001
                    Mean surrogate loss: -0.0046
                      Mean entropy loss: 8.1523
                            Mean reward: 18.53
                    Mean episode length: 1001.00
                        Mean action std: 0.48
           Mean episode rew_base_height: -0.0063
      Mean episode rew_tracking_ang_vel: 0.1814
           Mean episode rew_action_rate: -0.0583
    Mean episode rew_similar_to_default: -0.1298
      Mean episode rew_tracking_lin_vel: 0.9496
             Mean episode rew_lin_vel_z: -0.0112
--------------------------------------------------------------------------------
                         Iteration time: 0.17s
                           Time elapsed: 0:00:25
                                    ETA: 0:00:33

################################################################################
[1m                           Learning iteration 129/300                           [0m 

                               Run name: go2-walking
                            Total steps: 12779520 
                       Steps per second: 590475 
                        Collection time: 0.084s 
                          Learning time: 0.083s 
                        Mean value loss: 0.0001
                    Mean surrogate loss: -0.0047
                      Mean entropy loss: 8.0692
                            Mean reward: 18.58
                    Mean episode length: 1001.00
                        Mean action std: 0.47
           Mean episode rew_base_height: -0.0063
      Mean episode rew_tracking_ang_vel: 0.1818
           Mean episode rew_action_rate: -0.0572
    Mean episode rew_similar_to_default: -0.1292
      Mean episode rew_tracking_lin_vel: 0.9501
             Mean episode rew_lin_vel_z: -0.0112
--------------------------------------------------------------------------------
                         Iteration time: 0.17s
                           Time elapsed: 0:00:25
                                    ETA: 0:00:33

################################################################################
[1m                           Learning iteration 130/300                           [0m 

                               Run name: go2-walking
                            Total steps: 12877824 
                       Steps per second: 588902 
                        Collection time: 0.084s 
                          Learning time: 0.083s 
                        Mean value loss: 0.0001
                    Mean surrogate loss: -0.0038
                      Mean entropy loss: 7.9493
                            Mean reward: 18.68
                    Mean episode length: 1001.00
                        Mean action std: 0.47
           Mean episode rew_base_height: -0.0062
      Mean episode rew_tracking_ang_vel: 0.1821
           Mean episode rew_action_rate: -0.0562
    Mean episode rew_similar_to_default: -0.1286
      Mean episode rew_tracking_lin_vel: 0.9520
             Mean episode rew_lin_vel_z: -0.0110
--------------------------------------------------------------------------------
                         Iteration time: 0.17s
                           Time elapsed: 0:00:25
                                    ETA: 0:00:32

################################################################################
[1m                           Learning iteration 131/300                           [0m 

                               Run name: go2-walking
                            Total steps: 12976128 
                       Steps per second: 590144 
                        Collection time: 0.084s 
                          Learning time: 0.083s 
                        Mean value loss: 0.0001
                    Mean surrogate loss: -0.0045
                      Mean entropy loss: 7.8258
                            Mean reward: 18.74
                    Mean episode length: 1001.00
                        Mean action std: 0.46
           Mean episode rew_base_height: -0.0060
      Mean episode rew_tracking_ang_vel: 0.1826
           Mean episode rew_action_rate: -0.0551
    Mean episode rew_similar_to_default: -0.1278
      Mean episode rew_tracking_lin_vel: 0.9531
             Mean episode rew_lin_vel_z: -0.0108
--------------------------------------------------------------------------------
                         Iteration time: 0.17s
                           Time elapsed: 0:00:25
                                    ETA: 0:00:32

################################################################################
[1m                           Learning iteration 132/300                           [0m 

                               Run name: go2-walking
                            Total steps: 13074432 
                       Steps per second: 590574 
                        Collection time: 0.083s 
                          Learning time: 0.083s 
                        Mean value loss: 0.0001
                    Mean surrogate loss: -0.0039
                      Mean entropy loss: 7.6994
                            Mean reward: 18.81
                    Mean episode length: 1001.00
                        Mean action std: 0.46
           Mean episode rew_base_height: -0.0059
      Mean episode rew_tracking_ang_vel: 0.1829
           Mean episode rew_action_rate: -0.0541
    Mean episode rew_similar_to_default: -0.1273
      Mean episode rew_tracking_lin_vel: 0.9551
             Mean episode rew_lin_vel_z: -0.0108
--------------------------------------------------------------------------------
                         Iteration time: 0.17s
                           Time elapsed: 0:00:25
                                    ETA: 0:00:32

################################################################################
[1m                           Learning iteration 133/300                           [0m 

                               Run name: go2-walking
                            Total steps: 13172736 
                       Steps per second: 589920 
                        Collection time: 0.084s 
                          Learning time: 0.083s 
                        Mean value loss: 0.0000
                    Mean surrogate loss: -0.0053
                      Mean entropy loss: 7.5500
                            Mean reward: 18.85
                    Mean episode length: 1001.00
                        Mean action std: 0.45
           Mean episode rew_base_height: -0.0056
      Mean episode rew_tracking_ang_vel: 0.1756
           Mean episode rew_action_rate: -0.0508
    Mean episode rew_similar_to_default: -0.1214
      Mean episode rew_tracking_lin_vel: 0.9152
             Mean episode rew_lin_vel_z: -0.0102
--------------------------------------------------------------------------------
                         Iteration time: 0.17s
                           Time elapsed: 0:00:25
                                    ETA: 0:00:32

################################################################################
[1m                           Learning iteration 134/300                           [0m 

                               Run name: go2-walking
                            Total steps: 13271040 
                       Steps per second: 589367 
                        Collection time: 0.084s 
                          Learning time: 0.083s 
                        Mean value loss: 0.0000
                    Mean surrogate loss: -0.0037
                      Mean entropy loss: 7.3992
                            Mean reward: 18.92
                    Mean episode length: 1001.00
                        Mean action std: 0.45
           Mean episode rew_base_height: -0.0058
      Mean episode rew_tracking_ang_vel: 0.1838
           Mean episode rew_action_rate: -0.0520
    Mean episode rew_similar_to_default: -0.1256
      Mean episode rew_tracking_lin_vel: 0.9562
             Mean episode rew_lin_vel_z: -0.0103
--------------------------------------------------------------------------------
                         Iteration time: 0.17s
                           Time elapsed: 0:00:26
                                    ETA: 0:00:31

################################################################################
[1m                           Learning iteration 135/300                           [0m 

                               Run name: go2-walking
                            Total steps: 13369344 
                       Steps per second: 589886 
                        Collection time: 0.084s 
                          Learning time: 0.083s 
                        Mean value loss: 0.0000
                    Mean surrogate loss: -0.0038
                      Mean entropy loss: 7.2528
                            Mean reward: 18.99
                    Mean episode length: 1001.00
                        Mean action std: 0.44
           Mean episode rew_base_height: -0.0057
      Mean episode rew_tracking_ang_vel: 0.1844
           Mean episode rew_action_rate: -0.0510
    Mean episode rew_similar_to_default: -0.1251
      Mean episode rew_tracking_lin_vel: 0.9574
             Mean episode rew_lin_vel_z: -0.0102
--------------------------------------------------------------------------------
                         Iteration time: 0.17s
                           Time elapsed: 0:00:26
                                    ETA: 0:00:31

################################################################################
[1m                           Learning iteration 136/300                           [0m 

                               Run name: go2-walking
                            Total steps: 13467648 
                       Steps per second: 589778 
                        Collection time: 0.084s 
                          Learning time: 0.083s 
                        Mean value loss: 0.0000
                    Mean surrogate loss: -0.0032
                      Mean entropy loss: 7.1084
                            Mean reward: 19.03
                    Mean episode length: 1001.00
                        Mean action std: 0.44
           Mean episode rew_base_height: -0.0053
      Mean episode rew_tracking_ang_vel: 0.1767
           Mean episode rew_action_rate: -0.0481
    Mean episode rew_similar_to_default: -0.1194
      Mean episode rew_tracking_lin_vel: 0.9169
             Mean episode rew_lin_vel_z: -0.0096
--------------------------------------------------------------------------------
                         Iteration time: 0.17s
                           Time elapsed: 0:00:26
                                    ETA: 0:00:31

################################################################################
[1m                           Learning iteration 137/300                           [0m 

                               Run name: go2-walking
                            Total steps: 13565952 
                       Steps per second: 591845 
                        Collection time: 0.083s 
                          Learning time: 0.083s 
                        Mean value loss: 0.0000
                    Mean surrogate loss: -0.0033
                      Mean entropy loss: 6.9611
                            Mean reward: 19.09
                    Mean episode length: 1001.00
                        Mean action std: 0.43
           Mean episode rew_base_height: -0.0055
      Mean episode rew_tracking_ang_vel: 0.1846
           Mean episode rew_action_rate: -0.0491
    Mean episode rew_similar_to_default: -0.1242
      Mean episode rew_tracking_lin_vel: 0.9586
             Mean episode rew_lin_vel_z: -0.0099
--------------------------------------------------------------------------------
                         Iteration time: 0.17s
                           Time elapsed: 0:00:26
                                    ETA: 0:00:31

################################################################################
[1m                           Learning iteration 138/300                           [0m 

                               Run name: go2-walking
                            Total steps: 13664256 
                       Steps per second: 588114 
                        Collection time: 0.084s 
                          Learning time: 0.083s 
                        Mean value loss: 0.0000
                    Mean surrogate loss: -0.0036
                      Mean entropy loss: 6.7987
                            Mean reward: 19.15
                    Mean episode length: 1001.00
                        Mean action std: 0.42
           Mean episode rew_base_height: -0.0051
      Mean episode rew_tracking_ang_vel: 0.1775
           Mean episode rew_action_rate: -0.0463
    Mean episode rew_similar_to_default: -0.1186
      Mean episode rew_tracking_lin_vel: 0.9197
             Mean episode rew_lin_vel_z: -0.0094
--------------------------------------------------------------------------------
                         Iteration time: 0.17s
                           Time elapsed: 0:00:26
                                    ETA: 0:00:30

################################################################################
[1m                           Learning iteration 139/300                           [0m 

                               Run name: go2-walking
                            Total steps: 13762560 
                       Steps per second: 590546 
                        Collection time: 0.083s 
                          Learning time: 0.083s 
                        Mean value loss: 0.0000
                    Mean surrogate loss: -0.0032
                      Mean entropy loss: 6.6587
                            Mean reward: 19.21
                    Mean episode length: 1001.00
                        Mean action std: 0.42
           Mean episode rew_base_height: -0.0053
      Mean episode rew_tracking_ang_vel: 0.1856
           Mean episode rew_action_rate: -0.0475
    Mean episode rew_similar_to_default: -0.1228
      Mean episode rew_tracking_lin_vel: 0.9599
             Mean episode rew_lin_vel_z: -0.0096
--------------------------------------------------------------------------------
                         Iteration time: 0.17s
                           Time elapsed: 0:00:26
                                    ETA: 0:00:30

################################################################################
[1m                           Learning iteration 140/300                           [0m 

                               Run name: go2-walking
                            Total steps: 13860864 
                       Steps per second: 589969 
                        Collection time: 0.083s 
                          Learning time: 0.083s 
                        Mean value loss: 0.0000
                    Mean surrogate loss: -0.0022
                      Mean entropy loss: 6.5207
                            Mean reward: 19.27
                    Mean episode length: 1001.00
                        Mean action std: 0.42
           Mean episode rew_base_height: -0.0050
      Mean episode rew_tracking_ang_vel: 0.1780
           Mean episode rew_action_rate: -0.0446
    Mean episode rew_similar_to_default: -0.1175
      Mean episode rew_tracking_lin_vel: 0.9208
             Mean episode rew_lin_vel_z: -0.0092
--------------------------------------------------------------------------------
                         Iteration time: 0.17s
                           Time elapsed: 0:00:27
                                    ETA: 0:00:30

################################################################################
[1m                           Learning iteration 141/300                           [0m 

                               Run name: go2-walking
                            Total steps: 13959168 
                       Steps per second: 590190 
                        Collection time: 0.083s 
                          Learning time: 0.083s 
                        Mean value loss: 0.0000
                    Mean surrogate loss: -0.0042
                      Mean entropy loss: 6.4131
                            Mean reward: 19.31
                    Mean episode length: 1001.00
                        Mean action std: 0.41
           Mean episode rew_base_height: -0.0050
      Mean episode rew_tracking_ang_vel: 0.1862
           Mean episode rew_action_rate: -0.0456
    Mean episode rew_similar_to_default: -0.1222
      Mean episode rew_tracking_lin_vel: 0.9613
             Mean episode rew_lin_vel_z: -0.0094
--------------------------------------------------------------------------------
                         Iteration time: 0.17s
                           Time elapsed: 0:00:27
                                    ETA: 0:00:30

################################################################################
[1m                           Learning iteration 142/300                           [0m 

                               Run name: go2-walking
                            Total steps: 14057472 
                       Steps per second: 582372 
                        Collection time: 0.086s 
                          Learning time: 0.083s 
                        Mean value loss: 0.0000
                    Mean surrogate loss: -0.0026
                      Mean entropy loss: 6.2644
                            Mean reward: 19.35
                    Mean episode length: 1001.00
                        Mean action std: 0.41
           Mean episode rew_base_height: -0.0048
      Mean episode rew_tracking_ang_vel: 0.1785
           Mean episode rew_action_rate: -0.0431
    Mean episode rew_similar_to_default: -0.1170
      Mean episode rew_tracking_lin_vel: 0.9220
             Mean episode rew_lin_vel_z: -0.0088
--------------------------------------------------------------------------------
                         Iteration time: 0.17s
                           Time elapsed: 0:00:27
                                    ETA: 0:00:30

################################################################################
[1m                           Learning iteration 143/300                           [0m 

                               Run name: go2-walking
                            Total steps: 14155776 
                       Steps per second: 590223 
                        Collection time: 0.084s 
                          Learning time: 0.083s 
                        Mean value loss: 0.0000
                    Mean surrogate loss: -0.0033
                      Mean entropy loss: 6.1371
                            Mean reward: 19.40
                    Mean episode length: 1001.00
                        Mean action std: 0.40
           Mean episode rew_base_height: -0.0050
      Mean episode rew_tracking_ang_vel: 0.1865
           Mean episode rew_action_rate: -0.0441
    Mean episode rew_similar_to_default: -0.1213
      Mean episode rew_tracking_lin_vel: 0.9630
             Mean episode rew_lin_vel_z: -0.0092
--------------------------------------------------------------------------------
                         Iteration time: 0.17s
                           Time elapsed: 0:00:27
                                    ETA: 0:00:29

################################################################################
[1m                           Learning iteration 144/300                           [0m 

                               Run name: go2-walking
                            Total steps: 14254080 
                       Steps per second: 589796 
                        Collection time: 0.084s 
                          Learning time: 0.083s 
                        Mean value loss: 0.0000
                    Mean surrogate loss: -0.0026
                      Mean entropy loss: 5.9977
                            Mean reward: 19.46
                    Mean episode length: 1001.00
                        Mean action std: 0.40
           Mean episode rew_base_height: -0.0049
      Mean episode rew_tracking_ang_vel: 0.1867
           Mean episode rew_action_rate: -0.0434
    Mean episode rew_similar_to_default: -0.1209
      Mean episode rew_tracking_lin_vel: 0.9636
             Mean episode rew_lin_vel_z: -0.0089
--------------------------------------------------------------------------------
                         Iteration time: 0.17s
                           Time elapsed: 0:00:27
                                    ETA: 0:00:29

################################################################################
[1m                           Learning iteration 145/300                           [0m 

                               Run name: go2-walking
                            Total steps: 14352384 
                       Steps per second: 591944 
                        Collection time: 0.083s 
                          Learning time: 0.083s 
                        Mean value loss: 0.0000
                    Mean surrogate loss: -0.0036
                      Mean entropy loss: 5.8723
                            Mean reward: 19.49
                    Mean episode length: 1001.00
                        Mean action std: 0.39
           Mean episode rew_base_height: -0.0048
      Mean episode rew_tracking_ang_vel: 0.1871
           Mean episode rew_action_rate: -0.0426
    Mean episode rew_similar_to_default: -0.1207
      Mean episode rew_tracking_lin_vel: 0.9640
             Mean episode rew_lin_vel_z: -0.0089
--------------------------------------------------------------------------------
                         Iteration time: 0.17s
                           Time elapsed: 0:00:27
                                    ETA: 0:00:29

################################################################################
[1m                           Learning iteration 146/300                           [0m 

                               Run name: go2-walking
                            Total steps: 14450688 
                       Steps per second: 590804 
                        Collection time: 0.083s 
                          Learning time: 0.083s 
                        Mean value loss: 0.0000
                    Mean surrogate loss: -0.0012
                      Mean entropy loss: 5.7453
                            Mean reward: 19.53
                    Mean episode length: 1001.00
                        Mean action std: 0.39
           Mean episode rew_base_height: -0.0048
      Mean episode rew_tracking_ang_vel: 0.1874
           Mean episode rew_action_rate: -0.0420
    Mean episode rew_similar_to_default: -0.1201
      Mean episode rew_tracking_lin_vel: 0.9643
             Mean episode rew_lin_vel_z: -0.0088
--------------------------------------------------------------------------------
                         Iteration time: 0.17s
                           Time elapsed: 0:00:28
                                    ETA: 0:00:29

################################################################################
[1m                           Learning iteration 147/300                           [0m 

                               Run name: go2-walking
                            Total steps: 14548992 
                       Steps per second: 591577 
                        Collection time: 0.083s 
                          Learning time: 0.083s 
                        Mean value loss: 0.0000
                    Mean surrogate loss: -0.0032
                      Mean entropy loss: 5.6204
                            Mean reward: 19.58
                    Mean episode length: 1001.00
                        Mean action std: 0.39
           Mean episode rew_base_height: -0.0047
      Mean episode rew_tracking_ang_vel: 0.1876
           Mean episode rew_action_rate: -0.0412
    Mean episode rew_similar_to_default: -0.1197
      Mean episode rew_tracking_lin_vel: 0.9654
             Mean episode rew_lin_vel_z: -0.0088
--------------------------------------------------------------------------------
                         Iteration time: 0.17s
                           Time elapsed: 0:00:28
                                    ETA: 0:00:29

################################################################################
[1m                           Learning iteration 148/300                           [0m 

                               Run name: go2-walking
                            Total steps: 14647296 
                       Steps per second: 592684 
                        Collection time: 0.083s 
                          Learning time: 0.083s 
                        Mean value loss: 0.0000
                    Mean surrogate loss: -0.0029
                      Mean entropy loss: 5.4849
                            Mean reward: 19.62
                    Mean episode length: 1001.00
                        Mean action std: 0.38
           Mean episode rew_base_height: -0.0047
      Mean episode rew_tracking_ang_vel: 0.1881
           Mean episode rew_action_rate: -0.0405
    Mean episode rew_similar_to_default: -0.1195
      Mean episode rew_tracking_lin_vel: 0.9664
             Mean episode rew_lin_vel_z: -0.0086
--------------------------------------------------------------------------------
                         Iteration time: 0.17s
                           Time elapsed: 0:00:28
                                    ETA: 0:00:28

################################################################################
[1m                           Learning iteration 149/300                           [0m 

                               Run name: go2-walking
                            Total steps: 14745600 
                       Steps per second: 591549 
                        Collection time: 0.083s 
                          Learning time: 0.083s 
                        Mean value loss: 0.0000
                    Mean surrogate loss: -0.0024
                      Mean entropy loss: 5.3555
                            Mean reward: 19.65
                    Mean episode length: 1001.00
                        Mean action std: 0.38
           Mean episode rew_base_height: -0.0041
      Mean episode rew_tracking_ang_vel: 0.1647
           Mean episode rew_action_rate: -0.0347
    Mean episode rew_similar_to_default: -0.1039
      Mean episode rew_tracking_lin_vel: 0.8457
             Mean episode rew_lin_vel_z: -0.0074
--------------------------------------------------------------------------------
                         Iteration time: 0.17s
                           Time elapsed: 0:00:28
                                    ETA: 0:00:28

################################################################################
[1m                           Learning iteration 150/300                           [0m 

                               Run name: go2-walking
                            Total steps: 14843904 
                       Steps per second: 591812 
                        Collection time: 0.083s 
                          Learning time: 0.083s 
                        Mean value loss: 0.0000
                    Mean surrogate loss: -0.0019
                      Mean entropy loss: 5.2184
                            Mean reward: 19.68
                    Mean episode length: 1001.00
                        Mean action std: 0.37
           Mean episode rew_base_height: -0.0044
      Mean episode rew_tracking_ang_vel: 0.1806
           Mean episode rew_action_rate: -0.0375
    Mean episode rew_similar_to_default: -0.1135
      Mean episode rew_tracking_lin_vel: 0.9268
             Mean episode rew_lin_vel_z: -0.0081
--------------------------------------------------------------------------------
                         Iteration time: 0.17s
                           Time elapsed: 0:00:28
                                    ETA: 0:00:28

################################################################################
[1m                           Learning iteration 151/300                           [0m 

                               Run name: go2-walking
                            Total steps: 14942208 
                       Steps per second: 592303 
                        Collection time: 0.083s 
                          Learning time: 0.083s 
                        Mean value loss: 0.0000
                    Mean surrogate loss: -0.0006
                      Mean entropy loss: 5.0981
                            Mean reward: 19.70
                    Mean episode length: 1001.00
                        Mean action std: 0.37
           Mean episode rew_base_height: -0.0037
      Mean episode rew_tracking_ang_vel: 0.1493
           Mean episode rew_action_rate: -0.0306
    Mean episode rew_similar_to_default: -0.0933
      Mean episode rew_tracking_lin_vel: 0.7657
             Mean episode rew_lin_vel_z: -0.0066
--------------------------------------------------------------------------------
                         Iteration time: 0.17s
                           Time elapsed: 0:00:28
                                    ETA: 0:00:28

################################################################################
[1m                           Learning iteration 152/300                           [0m 

                               Run name: go2-walking
                            Total steps: 15040512 
                       Steps per second: 592915 
                        Collection time: 0.083s 
                          Learning time: 0.083s 
                        Mean value loss: 0.0000
                    Mean surrogate loss: -0.0024
                      Mean entropy loss: 4.9922
                            Mean reward: 19.72
                    Mean episode length: 1001.00
                        Mean action std: 0.37
           Mean episode rew_base_height: -0.0030
      Mean episode rew_tracking_ang_vel: 0.1258
           Mean episode rew_action_rate: -0.0252
    Mean episode rew_similar_to_default: -0.0787
      Mean episode rew_tracking_lin_vel: 0.6450
             Mean episode rew_lin_vel_z: -0.0056
--------------------------------------------------------------------------------
                         Iteration time: 0.17s
                           Time elapsed: 0:00:29
                                    ETA: 0:00:27

################################################################################
[1m                           Learning iteration 153/300                           [0m 

                               Run name: go2-walking
                            Total steps: 15138816 
                       Steps per second: 593382 
                        Collection time: 0.083s 
                          Learning time: 0.083s 
                        Mean value loss: 0.0000
                    Mean surrogate loss: -0.0039
                      Mean entropy loss: 4.8724
                            Mean reward: 19.75
                    Mean episode length: 1001.00
                        Mean action std: 0.36
           Mean episode rew_base_height: -0.0031
      Mean episode rew_tracking_ang_vel: 0.1262
           Mean episode rew_action_rate: -0.0250
    Mean episode rew_similar_to_default: -0.0780
      Mean episode rew_tracking_lin_vel: 0.6462
             Mean episode rew_lin_vel_z: -0.0054
--------------------------------------------------------------------------------
                         Iteration time: 0.17s
                           Time elapsed: 0:00:29
                                    ETA: 0:00:27

################################################################################
[1m                           Learning iteration 154/300                           [0m 

                               Run name: go2-walking
                            Total steps: 15237120 
                       Steps per second: 595502 
                        Collection time: 0.082s 
                          Learning time: 0.083s 
                        Mean value loss: 0.0000
                    Mean surrogate loss: -0.0039
                      Mean entropy loss: 4.7217
                            Mean reward: 19.77
                    Mean episode length: 1001.00
                        Mean action std: 0.36
           Mean episode rew_base_height: -0.0015
      Mean episode rew_tracking_ang_vel: 0.0632
           Mean episode rew_action_rate: -0.0123
    Mean episode rew_similar_to_default: -0.0390
      Mean episode rew_tracking_lin_vel: 0.3229
             Mean episode rew_lin_vel_z: -0.0027
--------------------------------------------------------------------------------
                         Iteration time: 0.17s
                           Time elapsed: 0:00:29
                                    ETA: 0:00:27

################################################################################
[1m                           Learning iteration 155/300                           [0m 

                               Run name: go2-walking
                            Total steps: 15335424 
                       Steps per second: 594589 
                        Collection time: 0.082s 
                          Learning time: 0.083s 
                        Mean value loss: 0.0000
                    Mean surrogate loss: -0.0045
                      Mean entropy loss: 4.5529
                            Mean reward: 19.78
                    Mean episode length: 1001.00
                        Mean action std: 0.35
           Mean episode rew_base_height: -0.0009
      Mean episode rew_tracking_ang_vel: 0.0395
           Mean episode rew_action_rate: -0.0076
    Mean episode rew_similar_to_default: -0.0242
      Mean episode rew_tracking_lin_vel: 0.2021
             Mean episode rew_lin_vel_z: -0.0017
--------------------------------------------------------------------------------
                         Iteration time: 0.17s
                           Time elapsed: 0:00:29
                                    ETA: 0:00:27

################################################################################
[1m                           Learning iteration 156/300                           [0m 

                               Run name: go2-walking
                            Total steps: 15433728 
                       Steps per second: 595381 
                        Collection time: 0.082s 
                          Learning time: 0.083s 
                        Mean value loss: 0.0000
                    Mean surrogate loss: -0.0031
                      Mean entropy loss: 4.3825
                            Mean reward: 19.78
                    Mean episode length: 1001.00
                        Mean action std: 0.35
           Mean episode rew_base_height: -0.0009
      Mean episode rew_tracking_ang_vel: 0.0395
           Mean episode rew_action_rate: -0.0075
    Mean episode rew_similar_to_default: -0.0244
      Mean episode rew_tracking_lin_vel: 0.2017
             Mean episode rew_lin_vel_z: -0.0017
--------------------------------------------------------------------------------
                         Iteration time: 0.17s
                           Time elapsed: 0:00:29
                                    ETA: 0:00:27

################################################################################
[1m                           Learning iteration 157/300                           [0m 

                               Run name: go2-walking
                            Total steps: 15532032 
                       Steps per second: 597636 
                        Collection time: 0.082s 
                          Learning time: 0.083s 
                        Mean value loss: 0.0000
                    Mean surrogate loss: -0.0034
                      Mean entropy loss: 4.2210
                            Mean reward: 19.79
                    Mean episode length: 1001.00
                        Mean action std: 0.34
           Mean episode rew_base_height: -0.0007
      Mean episode rew_tracking_ang_vel: 0.0316
           Mean episode rew_action_rate: -0.0058
    Mean episode rew_similar_to_default: -0.0192
      Mean episode rew_tracking_lin_vel: 0.1612
             Mean episode rew_lin_vel_z: -0.0013
--------------------------------------------------------------------------------
                         Iteration time: 0.16s
                           Time elapsed: 0:00:29
                                    ETA: 0:00:26

################################################################################
[1m                           Learning iteration 158/300                           [0m 

                               Run name: go2-walking
                            Total steps: 15630336 
                       Steps per second: 595948 
                        Collection time: 0.082s 
                          Learning time: 0.083s 
                        Mean value loss: 0.0000
                    Mean surrogate loss: -0.0052
                      Mean entropy loss: 4.0570
                            Mean reward: 19.80
                    Mean episode length: 1001.00
                        Mean action std: 0.34
           Mean episode rew_base_height: -0.0011
      Mean episode rew_tracking_ang_vel: 0.0476
           Mean episode rew_action_rate: -0.0086
    Mean episode rew_similar_to_default: -0.0289
      Mean episode rew_tracking_lin_vel: 0.2427
             Mean episode rew_lin_vel_z: -0.0020
--------------------------------------------------------------------------------
                         Iteration time: 0.16s
                           Time elapsed: 0:00:30
                                    ETA: 0:00:26

################################################################################
[1m                           Learning iteration 159/300                           [0m 

                               Run name: go2-walking
                            Total steps: 15728640 
                       Steps per second: 596436 
                        Collection time: 0.082s 
                          Learning time: 0.083s 
                        Mean value loss: 0.0000
                    Mean surrogate loss: -0.0034
                      Mean entropy loss: 3.9092
                            Mean reward: 19.82
                    Mean episode length: 1001.00
                        Mean action std: 0.33
           Mean episode rew_base_height: -0.0009
      Mean episode rew_tracking_ang_vel: 0.0396
           Mean episode rew_action_rate: -0.0072
    Mean episode rew_similar_to_default: -0.0241
      Mean episode rew_tracking_lin_vel: 0.2019
             Mean episode rew_lin_vel_z: -0.0015
--------------------------------------------------------------------------------
                         Iteration time: 0.16s
                           Time elapsed: 0:00:30
                                    ETA: 0:00:26

################################################################################
[1m                           Learning iteration 160/300                           [0m 

                               Run name: go2-walking
                            Total steps: 15826944 
                       Steps per second: 595243 
                        Collection time: 0.082s 
                          Learning time: 0.083s 
                        Mean value loss: 0.0000
                    Mean surrogate loss: -0.0039
                      Mean entropy loss: 3.7523
                            Mean reward: 19.86
                    Mean episode length: 1001.00
                        Mean action std: 0.33
           Mean episode rew_base_height: -0.0018
      Mean episode rew_tracking_ang_vel: 0.0793
           Mean episode rew_action_rate: -0.0141
    Mean episode rew_similar_to_default: -0.0480
      Mean episode rew_tracking_lin_vel: 0.4042
             Mean episode rew_lin_vel_z: -0.0032
--------------------------------------------------------------------------------
                         Iteration time: 0.17s
                           Time elapsed: 0:00:30
                                    ETA: 0:00:26

################################################################################
[1m                           Learning iteration 161/300                           [0m 

                               Run name: go2-walking
                            Total steps: 15925248 
                       Steps per second: 595487 
                        Collection time: 0.082s 
                          Learning time: 0.083s 
                        Mean value loss: 0.0000
                    Mean surrogate loss: -0.0027
                      Mean entropy loss: 3.5933
                            Mean reward: 19.89
                    Mean episode length: 1001.00
                        Mean action std: 0.32
           Mean episode rew_base_height: -0.0020
      Mean episode rew_tracking_ang_vel: 0.0873
           Mean episode rew_action_rate: -0.0151
    Mean episode rew_similar_to_default: -0.0528
      Mean episode rew_tracking_lin_vel: 0.4452
             Mean episode rew_lin_vel_z: -0.0035
--------------------------------------------------------------------------------
                         Iteration time: 0.17s
                           Time elapsed: 0:00:30
                                    ETA: 0:00:26

################################################################################
[1m                           Learning iteration 162/300                           [0m 

                               Run name: go2-walking
                            Total steps: 16023552 
                       Steps per second: 591272 
                        Collection time: 0.083s 
                          Learning time: 0.083s 
                        Mean value loss: 0.0000
                    Mean surrogate loss: -0.0030
                      Mean entropy loss: 3.4500
                            Mean reward: 19.99
                    Mean episode length: 1001.00
                        Mean action std: 0.32
           Mean episode rew_base_height: -0.0037
      Mean episode rew_tracking_ang_vel: 0.1667
           Mean episode rew_action_rate: -0.0286
    Mean episode rew_similar_to_default: -0.1007
      Mean episode rew_tracking_lin_vel: 0.8499
             Mean episode rew_lin_vel_z: -0.0065
--------------------------------------------------------------------------------
                         Iteration time: 0.17s
                           Time elapsed: 0:00:30
                                    ETA: 0:00:25

################################################################################
[1m                           Learning iteration 163/300                           [0m 

                               Run name: go2-walking
                            Total steps: 16121856 
                       Steps per second: 593296 
                        Collection time: 0.083s 
                          Learning time: 0.083s 
                        Mean value loss: 0.0000
                    Mean surrogate loss: -0.0023
                      Mean entropy loss: 3.3242
                            Mean reward: 20.05
                    Mean episode length: 1001.00
                        Mean action std: 0.32
           Mean episode rew_base_height: -0.0038
      Mean episode rew_tracking_ang_vel: 0.1748
           Mean episode rew_action_rate: -0.0297
    Mean episode rew_similar_to_default: -0.1055
      Mean episode rew_tracking_lin_vel: 0.8903
             Mean episode rew_lin_vel_z: -0.0070
--------------------------------------------------------------------------------
                         Iteration time: 0.17s
                           Time elapsed: 0:00:30
                                    ETA: 0:00:25

################################################################################
[1m                           Learning iteration 164/300                           [0m 

                               Run name: go2-walking
                            Total steps: 16220160 
                       Steps per second: 592880 
                        Collection time: 0.083s 
                          Learning time: 0.083s 
                        Mean value loss: 0.0000
                    Mean surrogate loss: -0.0018
                      Mean entropy loss: 3.2143
                            Mean reward: 20.08
                    Mean episode length: 1001.00
                        Mean action std: 0.32
           Mean episode rew_base_height: -0.0042
      Mean episode rew_tracking_ang_vel: 0.1909
           Mean episode rew_action_rate: -0.0318
    Mean episode rew_similar_to_default: -0.1147
      Mean episode rew_tracking_lin_vel: 0.9717
             Mean episode rew_lin_vel_z: -0.0075
--------------------------------------------------------------------------------
                         Iteration time: 0.17s
                           Time elapsed: 0:00:31
                                    ETA: 0:00:25

################################################################################
[1m                           Learning iteration 165/300                           [0m 

                               Run name: go2-walking
                            Total steps: 16318464 
                       Steps per second: 592928 
                        Collection time: 0.083s 
                          Learning time: 0.083s 
                        Mean value loss: 0.0000
                    Mean surrogate loss: -0.0031
                      Mean entropy loss: 3.0993
                            Mean reward: 20.10
                    Mean episode length: 1001.00
                        Mean action std: 0.31
           Mean episode rew_base_height: -0.0040
      Mean episode rew_tracking_ang_vel: 0.1911
           Mean episode rew_action_rate: -0.0314
    Mean episode rew_similar_to_default: -0.1149
      Mean episode rew_tracking_lin_vel: 0.9720
             Mean episode rew_lin_vel_z: -0.0074
--------------------------------------------------------------------------------
                         Iteration time: 0.17s
                           Time elapsed: 0:00:31
                                    ETA: 0:00:25

################################################################################
[1m                           Learning iteration 166/300                           [0m 

                               Run name: go2-walking
                            Total steps: 16416768 
                       Steps per second: 594887 
                        Collection time: 0.083s 
                          Learning time: 0.082s 
                        Mean value loss: 0.0000
                    Mean surrogate loss: -0.0029
                      Mean entropy loss: 2.9867
                            Mean reward: 20.13
                    Mean episode length: 1001.00
                        Mean action std: 0.31
           Mean episode rew_base_height: -0.0040
      Mean episode rew_tracking_ang_vel: 0.1913
           Mean episode rew_action_rate: -0.0310
    Mean episode rew_similar_to_default: -0.1149
      Mean episode rew_tracking_lin_vel: 0.9719
             Mean episode rew_lin_vel_z: -0.0073
--------------------------------------------------------------------------------
                         Iteration time: 0.17s
                           Time elapsed: 0:00:31
                                    ETA: 0:00:25

################################################################################
[1m                           Learning iteration 167/300                           [0m 

                               Run name: go2-walking
                            Total steps: 16515072 
                       Steps per second: 592981 
                        Collection time: 0.083s 
                          Learning time: 0.083s 
                        Mean value loss: 0.0000
                    Mean surrogate loss: -0.0023
                      Mean entropy loss: 2.9133
                            Mean reward: 20.16
                    Mean episode length: 1001.00
                        Mean action std: 0.31
           Mean episode rew_base_height: -0.0039
      Mean episode rew_tracking_ang_vel: 0.1914
           Mean episode rew_action_rate: -0.0306
    Mean episode rew_similar_to_default: -0.1147
      Mean episode rew_tracking_lin_vel: 0.9727
             Mean episode rew_lin_vel_z: -0.0073
--------------------------------------------------------------------------------
                         Iteration time: 0.17s
                           Time elapsed: 0:00:31
                                    ETA: 0:00:24

################################################################################
[1m                           Learning iteration 168/300                           [0m 

                               Run name: go2-walking
                            Total steps: 16613376 
                       Steps per second: 590993 
                        Collection time: 0.083s 
                          Learning time: 0.083s 
                        Mean value loss: 0.0000
                    Mean surrogate loss: -0.0027
                      Mean entropy loss: 2.8345
                            Mean reward: 20.18
                    Mean episode length: 1001.00
                        Mean action std: 0.31
           Mean episode rew_base_height: -0.0039
      Mean episode rew_tracking_ang_vel: 0.1916
           Mean episode rew_action_rate: -0.0302
    Mean episode rew_similar_to_default: -0.1145
      Mean episode rew_tracking_lin_vel: 0.9731
             Mean episode rew_lin_vel_z: -0.0072
--------------------------------------------------------------------------------
                         Iteration time: 0.17s
                           Time elapsed: 0:00:31
                                    ETA: 0:00:24

################################################################################
[1m                           Learning iteration 169/300                           [0m 

                               Run name: go2-walking
                            Total steps: 16711680 
                       Steps per second: 594524 
                        Collection time: 0.083s 
                          Learning time: 0.082s 
                        Mean value loss: 0.0000
                    Mean surrogate loss: -0.0022
                      Mean entropy loss: 2.7803
                            Mean reward: 20.21
                    Mean episode length: 1001.00
                        Mean action std: 0.30
           Mean episode rew_base_height: -0.0039
      Mean episode rew_tracking_ang_vel: 0.1917
           Mean episode rew_action_rate: -0.0297
    Mean episode rew_similar_to_default: -0.1143
      Mean episode rew_tracking_lin_vel: 0.9735
             Mean episode rew_lin_vel_z: -0.0071
--------------------------------------------------------------------------------
                         Iteration time: 0.17s
                           Time elapsed: 0:00:31
                                    ETA: 0:00:24

################################################################################
[1m                           Learning iteration 170/300                           [0m 

                               Run name: go2-walking
                            Total steps: 16809984 
                       Steps per second: 593660 
                        Collection time: 0.083s 
                          Learning time: 0.083s 
                        Mean value loss: 0.0000
                    Mean surrogate loss: -0.0042
                      Mean entropy loss: 2.7051
                            Mean reward: 20.23
                    Mean episode length: 1001.00
                        Mean action std: 0.30
           Mean episode rew_base_height: -0.0039
      Mean episode rew_tracking_ang_vel: 0.1919
           Mean episode rew_action_rate: -0.0294
    Mean episode rew_similar_to_default: -0.1143
      Mean episode rew_tracking_lin_vel: 0.9739
             Mean episode rew_lin_vel_z: -0.0071
--------------------------------------------------------------------------------
                         Iteration time: 0.17s
                           Time elapsed: 0:00:32
                                    ETA: 0:00:24

################################################################################
[1m                           Learning iteration 171/300                           [0m 

                               Run name: go2-walking
                            Total steps: 16908288 
                       Steps per second: 595217 
                        Collection time: 0.083s 
                          Learning time: 0.082s 
                        Mean value loss: 0.0000
                    Mean surrogate loss: -0.0043
                      Mean entropy loss: 2.6210
                            Mean reward: 20.25
                    Mean episode length: 1001.00
                        Mean action std: 0.30
           Mean episode rew_base_height: -0.0039
      Mean episode rew_tracking_ang_vel: 0.1921
           Mean episode rew_action_rate: -0.0290
    Mean episode rew_similar_to_default: -0.1140
      Mean episode rew_tracking_lin_vel: 0.9743
             Mean episode rew_lin_vel_z: -0.0070
--------------------------------------------------------------------------------
                         Iteration time: 0.17s
                           Time elapsed: 0:00:32
                                    ETA: 0:00:23

################################################################################
[1m                           Learning iteration 172/300                           [0m 

                               Run name: go2-walking
                            Total steps: 17006592 
                       Steps per second: 587385 
                        Collection time: 0.084s 
                          Learning time: 0.083s 
                        Mean value loss: 0.0000
                    Mean surrogate loss: -0.0027
                      Mean entropy loss: 2.5480
                            Mean reward: 20.28
                    Mean episode length: 1001.00
                        Mean action std: 0.30
           Mean episode rew_base_height: -0.0038
      Mean episode rew_tracking_ang_vel: 0.1922
           Mean episode rew_action_rate: -0.0286
    Mean episode rew_similar_to_default: -0.1139
      Mean episode rew_tracking_lin_vel: 0.9748
             Mean episode rew_lin_vel_z: -0.0070
--------------------------------------------------------------------------------
                         Iteration time: 0.17s
                           Time elapsed: 0:00:32
                                    ETA: 0:00:23

################################################################################
[1m                           Learning iteration 173/300                           [0m 

                               Run name: go2-walking
                            Total steps: 17104896 
                       Steps per second: 592403 
                        Collection time: 0.083s 
                          Learning time: 0.083s 
                        Mean value loss: 0.0000
                    Mean surrogate loss: -0.0038
                      Mean entropy loss: 2.4586
                            Mean reward: 20.30
                    Mean episode length: 1001.00
                        Mean action std: 0.30
           Mean episode rew_base_height: -0.0038
      Mean episode rew_tracking_ang_vel: 0.1923
           Mean episode rew_action_rate: -0.0283
    Mean episode rew_similar_to_default: -0.1135
      Mean episode rew_tracking_lin_vel: 0.9751
             Mean episode rew_lin_vel_z: -0.0070
--------------------------------------------------------------------------------
                         Iteration time: 0.17s
                           Time elapsed: 0:00:32
                                    ETA: 0:00:23

################################################################################
[1m                           Learning iteration 174/300                           [0m 

                               Run name: go2-walking
                            Total steps: 17203200 
                       Steps per second: 593368 
                        Collection time: 0.083s 
                          Learning time: 0.082s 
                        Mean value loss: 0.0000
                    Mean surrogate loss: -0.0027
                      Mean entropy loss: 2.3474
                            Mean reward: 20.32
                    Mean episode length: 1001.00
                        Mean action std: 0.29
           Mean episode rew_base_height: -0.0038
      Mean episode rew_tracking_ang_vel: 0.1924
           Mean episode rew_action_rate: -0.0279
    Mean episode rew_similar_to_default: -0.1134
      Mean episode rew_tracking_lin_vel: 0.9754
             Mean episode rew_lin_vel_z: -0.0070
--------------------------------------------------------------------------------
                         Iteration time: 0.17s
                           Time elapsed: 0:00:32
                                    ETA: 0:00:23

################################################################################
[1m                           Learning iteration 175/300                           [0m 

                               Run name: go2-walking
                            Total steps: 17301504 
                       Steps per second: 593737 
                        Collection time: 0.082s 
                          Learning time: 0.083s 
                        Mean value loss: 0.0000
                    Mean surrogate loss: -0.0030
                      Mean entropy loss: 2.2278
                            Mean reward: 20.34
                    Mean episode length: 1001.00
                        Mean action std: 0.29
           Mean episode rew_base_height: -0.0036
      Mean episode rew_tracking_ang_vel: 0.1844
           Mean episode rew_action_rate: -0.0264
    Mean episode rew_similar_to_default: -0.1086
      Mean episode rew_tracking_lin_vel: 0.9351
             Mean episode rew_lin_vel_z: -0.0067
--------------------------------------------------------------------------------
                         Iteration time: 0.17s
                           Time elapsed: 0:00:32
                                    ETA: 0:00:23

################################################################################
[1m                           Learning iteration 176/300                           [0m 

                               Run name: go2-walking
                            Total steps: 17399808 
                       Steps per second: 592718 
                        Collection time: 0.083s 
                          Learning time: 0.083s 
                        Mean value loss: 0.0000
                    Mean surrogate loss: -0.0034
                      Mean entropy loss: 2.0950
                            Mean reward: 20.36
                    Mean episode length: 1001.00
                        Mean action std: 0.29
           Mean episode rew_base_height: -0.0038
      Mean episode rew_tracking_ang_vel: 0.1927
           Mean episode rew_action_rate: -0.0272
    Mean episode rew_similar_to_default: -0.1129
      Mean episode rew_tracking_lin_vel: 0.9760
             Mean episode rew_lin_vel_z: -0.0069
--------------------------------------------------------------------------------
                         Iteration time: 0.17s
                           Time elapsed: 0:00:33
                                    ETA: 0:00:22

################################################################################
[1m                           Learning iteration 177/300                           [0m 

                               Run name: go2-walking
                            Total steps: 17498112 
                       Steps per second: 596077 
                        Collection time: 0.083s 
                          Learning time: 0.082s 
                        Mean value loss: 0.0000
                    Mean surrogate loss: -0.0044
                      Mean entropy loss: 1.9764
                            Mean reward: 20.38
                    Mean episode length: 1001.00
                        Mean action std: 0.28
           Mean episode rew_base_height: -0.0038
      Mean episode rew_tracking_ang_vel: 0.1929
           Mean episode rew_action_rate: -0.0269
    Mean episode rew_similar_to_default: -0.1128
      Mean episode rew_tracking_lin_vel: 0.9764
             Mean episode rew_lin_vel_z: -0.0069
--------------------------------------------------------------------------------
                         Iteration time: 0.16s
                           Time elapsed: 0:00:33
                                    ETA: 0:00:22

################################################################################
[1m                           Learning iteration 178/300                           [0m 

                               Run name: go2-walking
                            Total steps: 17596416 
                       Steps per second: 596229 
                        Collection time: 0.082s 
                          Learning time: 0.083s 
                        Mean value loss: 0.0000
                    Mean surrogate loss: -0.0020
                      Mean entropy loss: 1.8310
                            Mean reward: 20.40
                    Mean episode length: 1001.00
                        Mean action std: 0.28
           Mean episode rew_base_height: -0.0036
      Mean episode rew_tracking_ang_vel: 0.1849
           Mean episode rew_action_rate: -0.0255
    Mean episode rew_similar_to_default: -0.1077
      Mean episode rew_tracking_lin_vel: 0.9362
             Mean episode rew_lin_vel_z: -0.0066
--------------------------------------------------------------------------------
                         Iteration time: 0.16s
                           Time elapsed: 0:00:33
                                    ETA: 0:00:22

################################################################################
[1m                           Learning iteration 179/300                           [0m 

                               Run name: go2-walking
                            Total steps: 17694720 
                       Steps per second: 596978 
                        Collection time: 0.082s 
                          Learning time: 0.083s 
                        Mean value loss: 0.0000
                    Mean surrogate loss: -0.0018
                      Mean entropy loss: 1.7102
                            Mean reward: 20.41
                    Mean episode length: 1001.00
                        Mean action std: 0.28
           Mean episode rew_base_height: -0.0036
      Mean episode rew_tracking_ang_vel: 0.1851
           Mean episode rew_action_rate: -0.0252
    Mean episode rew_similar_to_default: -0.1077
      Mean episode rew_tracking_lin_vel: 0.9361
             Mean episode rew_lin_vel_z: -0.0065
--------------------------------------------------------------------------------
                         Iteration time: 0.16s
                           Time elapsed: 0:00:33
                                    ETA: 0:00:22

################################################################################
[1m                           Learning iteration 180/300                           [0m 

                               Run name: go2-walking
                            Total steps: 17793024 
                       Steps per second: 597476 
                        Collection time: 0.082s 
                          Learning time: 0.082s 
                        Mean value loss: 0.0000
                    Mean surrogate loss: -0.0015
                      Mean entropy loss: 1.5892
                            Mean reward: 20.43
                    Mean episode length: 1001.00
                        Mean action std: 0.28
           Mean episode rew_base_height: -0.0038
      Mean episode rew_tracking_ang_vel: 0.1932
           Mean episode rew_action_rate: -0.0260
    Mean episode rew_similar_to_default: -0.1121
      Mean episode rew_tracking_lin_vel: 0.9771
             Mean episode rew_lin_vel_z: -0.0069
--------------------------------------------------------------------------------
                         Iteration time: 0.16s
                           Time elapsed: 0:00:33
                                    ETA: 0:00:22

################################################################################
[1m                           Learning iteration 181/300                           [0m 

                               Run name: go2-walking
                            Total steps: 17891328 
                       Steps per second: 595604 
                        Collection time: 0.082s 
                          Learning time: 0.083s 
                        Mean value loss: 0.0000
                    Mean surrogate loss: -0.0010
                      Mean entropy loss: 1.4745
                            Mean reward: 20.44
                    Mean episode length: 1001.00
                        Mean action std: 0.27
           Mean episode rew_base_height: -0.0038
      Mean episode rew_tracking_ang_vel: 0.1934
           Mean episode rew_action_rate: -0.0256
    Mean episode rew_similar_to_default: -0.1119
      Mean episode rew_tracking_lin_vel: 0.9769
             Mean episode rew_lin_vel_z: -0.0069
--------------------------------------------------------------------------------
                         Iteration time: 0.17s
                           Time elapsed: 0:00:33
                                    ETA: 0:00:21

################################################################################
[1m                           Learning iteration 182/300                           [0m 

                               Run name: go2-walking
                            Total steps: 17989632 
                       Steps per second: 594376 
                        Collection time: 0.082s 
                          Learning time: 0.083s 
                        Mean value loss: 0.0000
                    Mean surrogate loss: -0.0039
                      Mean entropy loss: 1.3724
                            Mean reward: 20.46
                    Mean episode length: 1001.00
                        Mean action std: 0.27
           Mean episode rew_base_height: -0.0036
      Mean episode rew_tracking_ang_vel: 0.1854
           Mean episode rew_action_rate: -0.0243
    Mean episode rew_similar_to_default: -0.1071
      Mean episode rew_tracking_lin_vel: 0.9367
             Mean episode rew_lin_vel_z: -0.0065
--------------------------------------------------------------------------------
                         Iteration time: 0.17s
                           Time elapsed: 0:00:34
                                    ETA: 0:00:21

################################################################################
[1m                           Learning iteration 183/300                           [0m 

                               Run name: go2-walking
                            Total steps: 18087936 
                       Steps per second: 597240 
                        Collection time: 0.082s 
                          Learning time: 0.082s 
                        Mean value loss: 0.0000
                    Mean surrogate loss: -0.0044
                      Mean entropy loss: 1.2407
                            Mean reward: 20.48
                    Mean episode length: 1001.00
                        Mean action std: 0.27
           Mean episode rew_base_height: -0.0038
      Mean episode rew_tracking_ang_vel: 0.1936
           Mean episode rew_action_rate: -0.0250
    Mean episode rew_similar_to_default: -0.1116
      Mean episode rew_tracking_lin_vel: 0.9774
             Mean episode rew_lin_vel_z: -0.0067
--------------------------------------------------------------------------------
                         Iteration time: 0.16s
                           Time elapsed: 0:00:34
                                    ETA: 0:00:21

################################################################################
[1m                           Learning iteration 184/300                           [0m 

                               Run name: go2-walking
                            Total steps: 18186240 
                       Steps per second: 595720 
                        Collection time: 0.082s 
                          Learning time: 0.083s 
                        Mean value loss: 0.0000
                    Mean surrogate loss: -0.0008
                      Mean entropy loss: 1.1200
                            Mean reward: 20.49
                    Mean episode length: 1001.00
                        Mean action std: 0.27
           Mean episode rew_base_height: -0.0036
      Mean episode rew_tracking_ang_vel: 0.1856
           Mean episode rew_action_rate: -0.0238
    Mean episode rew_similar_to_default: -0.1069
      Mean episode rew_tracking_lin_vel: 0.9368
             Mean episode rew_lin_vel_z: -0.0064
--------------------------------------------------------------------------------
                         Iteration time: 0.17s
                           Time elapsed: 0:00:34
                                    ETA: 0:00:21

################################################################################
[1m                           Learning iteration 185/300                           [0m 

                               Run name: go2-walking
                            Total steps: 18284544 
                       Steps per second: 593218 
                        Collection time: 0.083s 
                          Learning time: 0.083s 
                        Mean value loss: 0.0000
                    Mean surrogate loss: -0.0026
                      Mean entropy loss: 1.0178
                            Mean reward: 20.50
                    Mean episode length: 1001.00
                        Mean action std: 0.26
           Mean episode rew_base_height: -0.0038
      Mean episode rew_tracking_ang_vel: 0.1937
           Mean episode rew_action_rate: -0.0246
    Mean episode rew_similar_to_default: -0.1115
      Mean episode rew_tracking_lin_vel: 0.9778
             Mean episode rew_lin_vel_z: -0.0067
--------------------------------------------------------------------------------
                         Iteration time: 0.17s
                           Time elapsed: 0:00:34
                                    ETA: 0:00:21

################################################################################
[1m                           Learning iteration 186/300                           [0m 

                               Run name: go2-walking
                            Total steps: 18382848 
                       Steps per second: 596787 
                        Collection time: 0.082s 
                          Learning time: 0.082s 
                        Mean value loss: 0.0000
                    Mean surrogate loss: -0.0037
                      Mean entropy loss: 0.9041
                            Mean reward: 20.52
                    Mean episode length: 1001.00
                        Mean action std: 0.26
           Mean episode rew_base_height: -0.0038
      Mean episode rew_tracking_ang_vel: 0.1938
           Mean episode rew_action_rate: -0.0242
    Mean episode rew_similar_to_default: -0.1114
      Mean episode rew_tracking_lin_vel: 0.9783
             Mean episode rew_lin_vel_z: -0.0067
--------------------------------------------------------------------------------
                         Iteration time: 0.16s
                           Time elapsed: 0:00:34
                                    ETA: 0:00:20

################################################################################
[1m                           Learning iteration 187/300                           [0m 

                               Run name: go2-walking
                            Total steps: 18481152 
                       Steps per second: 595234 
                        Collection time: 0.082s 
                          Learning time: 0.083s 
                        Mean value loss: 0.0000
                    Mean surrogate loss: -0.0034
                      Mean entropy loss: 0.7909
                            Mean reward: 20.53
                    Mean episode length: 1001.00
                        Mean action std: 0.26
           Mean episode rew_base_height: -0.0038
      Mean episode rew_tracking_ang_vel: 0.1939
           Mean episode rew_action_rate: -0.0239
    Mean episode rew_similar_to_default: -0.1113
      Mean episode rew_tracking_lin_vel: 0.9783
             Mean episode rew_lin_vel_z: -0.0067
--------------------------------------------------------------------------------
                         Iteration time: 0.17s
                           Time elapsed: 0:00:34
                                    ETA: 0:00:20

################################################################################
[1m                           Learning iteration 188/300                           [0m 

                               Run name: go2-walking
                            Total steps: 18579456 
                       Steps per second: 592755 
                        Collection time: 0.083s 
                          Learning time: 0.083s 
                        Mean value loss: 0.0000
                    Mean surrogate loss: -0.0011
                      Mean entropy loss: 0.6704
                            Mean reward: 20.55
                    Mean episode length: 1001.00
                        Mean action std: 0.26
           Mean episode rew_base_height: -0.0038
      Mean episode rew_tracking_ang_vel: 0.1940
           Mean episode rew_action_rate: -0.0237
    Mean episode rew_similar_to_default: -0.1110
      Mean episode rew_tracking_lin_vel: 0.9786
             Mean episode rew_lin_vel_z: -0.0067
--------------------------------------------------------------------------------
                         Iteration time: 0.17s
                           Time elapsed: 0:00:35
                                    ETA: 0:00:20

################################################################################
[1m                           Learning iteration 189/300                           [0m 

                               Run name: go2-walking
                            Total steps: 18677760 
                       Steps per second: 595900 
                        Collection time: 0.082s 
                          Learning time: 0.083s 
                        Mean value loss: 0.0000
                    Mean surrogate loss: -0.0009
                      Mean entropy loss: 0.5724
                            Mean reward: 20.57
                    Mean episode length: 1001.00
                        Mean action std: 0.25
           Mean episode rew_base_height: -0.0038
      Mean episode rew_tracking_ang_vel: 0.1941
           Mean episode rew_action_rate: -0.0235
    Mean episode rew_similar_to_default: -0.1108
      Mean episode rew_tracking_lin_vel: 0.9789
             Mean episode rew_lin_vel_z: -0.0067
--------------------------------------------------------------------------------
                         Iteration time: 0.16s
                           Time elapsed: 0:00:35
                                    ETA: 0:00:20

################################################################################
[1m                           Learning iteration 190/300                           [0m 

                               Run name: go2-walking
                            Total steps: 18776064 
                       Steps per second: 598397 
                        Collection time: 0.082s 
                          Learning time: 0.082s 
                        Mean value loss: 0.0000
                    Mean surrogate loss: -0.0006
                      Mean entropy loss: 0.4675
                            Mean reward: 20.57
                    Mean episode length: 1001.00
                        Mean action std: 0.25
           Mean episode rew_base_height: -0.0038
      Mean episode rew_tracking_ang_vel: 0.1942
           Mean episode rew_action_rate: -0.0233
    Mean episode rew_similar_to_default: -0.1108
      Mean episode rew_tracking_lin_vel: 0.9793
             Mean episode rew_lin_vel_z: -0.0066
--------------------------------------------------------------------------------
                         Iteration time: 0.16s
                           Time elapsed: 0:00:35
                                    ETA: 0:00:20

################################################################################
[1m                           Learning iteration 191/300                           [0m 

                               Run name: go2-walking
                            Total steps: 18874368 
                       Steps per second: 599599 
                        Collection time: 0.082s 
                          Learning time: 0.082s 
                        Mean value loss: 0.0000
                    Mean surrogate loss: 0.0019
                      Mean entropy loss: 0.3803
                            Mean reward: 20.59
                    Mean episode length: 1001.00
                        Mean action std: 0.25
           Mean episode rew_base_height: -0.0033
      Mean episode rew_tracking_ang_vel: 0.1619
           Mean episode rew_action_rate: -0.0192
    Mean episode rew_similar_to_default: -0.0919
      Mean episode rew_tracking_lin_vel: 0.8166
             Mean episode rew_lin_vel_z: -0.0055
--------------------------------------------------------------------------------
                         Iteration time: 0.16s
                           Time elapsed: 0:00:35
                                    ETA: 0:00:19

################################################################################
[1m                           Learning iteration 192/300                           [0m 

                               Run name: go2-walking
                            Total steps: 18972672 
                       Steps per second: 597613 
                        Collection time: 0.082s 
                          Learning time: 0.083s 
                        Mean value loss: 0.0000
                    Mean surrogate loss: -0.0038
                      Mean entropy loss: 0.2720
                            Mean reward: 20.61
                    Mean episode length: 1001.00
                        Mean action std: 0.25
           Mean episode rew_base_height: -0.0037
      Mean episode rew_tracking_ang_vel: 0.1863
           Mean episode rew_action_rate: -0.0219
    Mean episode rew_similar_to_default: -0.1058
      Mean episode rew_tracking_lin_vel: 0.9390
             Mean episode rew_lin_vel_z: -0.0063
--------------------------------------------------------------------------------
                         Iteration time: 0.16s
                           Time elapsed: 0:00:35
                                    ETA: 0:00:19

################################################################################
[1m                           Learning iteration 193/300                           [0m 

                               Run name: go2-walking
                            Total steps: 19070976 
                       Steps per second: 599088 
                        Collection time: 0.082s 
                          Learning time: 0.083s 
                        Mean value loss: 0.0000
                    Mean surrogate loss: -0.0040
                      Mean entropy loss: 0.1177
                            Mean reward: 20.61
                    Mean episode length: 1001.00
                        Mean action std: 0.24
           Mean episode rew_base_height: -0.0030
      Mean episode rew_tracking_ang_vel: 0.1539
           Mean episode rew_action_rate: -0.0179
    Mean episode rew_similar_to_default: -0.0874
      Mean episode rew_tracking_lin_vel: 0.7759
             Mean episode rew_lin_vel_z: -0.0052
--------------------------------------------------------------------------------
                         Iteration time: 0.16s
                           Time elapsed: 0:00:35
                                    ETA: 0:00:19

################################################################################
[1m                           Learning iteration 194/300                           [0m 

                               Run name: go2-walking
                            Total steps: 19169280 
                       Steps per second: 600740 
                        Collection time: 0.081s 
                          Learning time: 0.082s 
                        Mean value loss: 0.0000
                    Mean surrogate loss: -0.0031
                      Mean entropy loss: -0.0058
                            Mean reward: 20.62
                    Mean episode length: 1001.00
                        Mean action std: 0.24
           Mean episode rew_base_height: -0.0025
      Mean episode rew_tracking_ang_vel: 0.1216
           Mean episode rew_action_rate: -0.0139
    Mean episode rew_similar_to_default: -0.0687
      Mean episode rew_tracking_lin_vel: 0.6125
             Mean episode rew_lin_vel_z: -0.0041
--------------------------------------------------------------------------------
                         Iteration time: 0.16s
                           Time elapsed: 0:00:36
                                    ETA: 0:00:19

################################################################################
[1m                           Learning iteration 195/300                           [0m 

                               Run name: go2-walking
                            Total steps: 19267584 
                       Steps per second: 600913 
                        Collection time: 0.081s 
                          Learning time: 0.082s 
                        Mean value loss: 0.0000
                    Mean surrogate loss: -0.0028
                      Mean entropy loss: -0.1454
                            Mean reward: 20.63
                    Mean episode length: 1001.00
                        Mean action std: 0.24
           Mean episode rew_base_height: -0.0026
      Mean episode rew_tracking_ang_vel: 0.1297
           Mean episode rew_action_rate: -0.0147
    Mean episode rew_similar_to_default: -0.0734
      Mean episode rew_tracking_lin_vel: 0.6539
             Mean episode rew_lin_vel_z: -0.0043
--------------------------------------------------------------------------------
                         Iteration time: 0.16s
                           Time elapsed: 0:00:36
                                    ETA: 0:00:19

################################################################################
[1m                           Learning iteration 196/300                           [0m 

                               Run name: go2-walking
                            Total steps: 19365888 
                       Steps per second: 602464 
                        Collection time: 0.081s 
                          Learning time: 0.082s 
                        Mean value loss: 0.0000
                    Mean surrogate loss: -0.0033
                      Mean entropy loss: -0.2952
                            Mean reward: 20.63
                    Mean episode length: 1001.00
                        Mean action std: 0.24
           Mean episode rew_base_height: -0.0010
      Mean episode rew_tracking_ang_vel: 0.0486
           Mean episode rew_action_rate: -0.0055
    Mean episode rew_similar_to_default: -0.0275
      Mean episode rew_tracking_lin_vel: 0.2451
             Mean episode rew_lin_vel_z: -0.0016
--------------------------------------------------------------------------------
                         Iteration time: 0.16s
                           Time elapsed: 0:00:36
                                    ETA: 0:00:19

################################################################################
[1m                           Learning iteration 197/300                           [0m 

                               Run name: go2-walking
                            Total steps: 19464192 
                       Steps per second: 603503 
                        Collection time: 0.081s 
                          Learning time: 0.082s 
                        Mean value loss: 0.0000
                    Mean surrogate loss: -0.0008
                      Mean entropy loss: -0.4077
                            Mean reward: 20.63
                    Mean episode length: 1001.00
                        Mean action std: 0.23
           Mean episode rew_base_height: -0.0007
      Mean episode rew_tracking_ang_vel: 0.0324
           Mean episode rew_action_rate: -0.0036
    Mean episode rew_similar_to_default: -0.0183
      Mean episode rew_tracking_lin_vel: 0.1634
             Mean episode rew_lin_vel_z: -0.0011
--------------------------------------------------------------------------------
                         Iteration time: 0.16s
                           Time elapsed: 0:00:36
                                    ETA: 0:00:18

################################################################################
[1m                           Learning iteration 198/300                           [0m 

                               Run name: go2-walking
                            Total steps: 19562496 
                       Steps per second: 601632 
                        Collection time: 0.081s 
                          Learning time: 0.082s 
                        Mean value loss: 0.0000
                    Mean surrogate loss: -0.0029
                      Mean entropy loss: -0.5528
                            Mean reward: 20.64
                    Mean episode length: 1001.00
                        Mean action std: 0.23
           Mean episode rew_base_height: -0.0005
      Mean episode rew_tracking_ang_vel: 0.0244
           Mean episode rew_action_rate: -0.0027
    Mean episode rew_similar_to_default: -0.0137
      Mean episode rew_tracking_lin_vel: 0.1227
             Mean episode rew_lin_vel_z: -0.0008
--------------------------------------------------------------------------------
                         Iteration time: 0.16s
                           Time elapsed: 0:00:36
                                    ETA: 0:00:18

################################################################################
[1m                           Learning iteration 199/300                           [0m 

                               Run name: go2-walking
                            Total steps: 19660800 
                       Steps per second: 603621 
                        Collection time: 0.081s 
                          Learning time: 0.082s 
                        Mean value loss: 0.0000
                    Mean surrogate loss: -0.0021
                      Mean entropy loss: -0.6853
                            Mean reward: 20.64
                    Mean episode length: 1001.00
                        Mean action std: 0.23
           Mean episode rew_base_height: -0.0007
      Mean episode rew_tracking_ang_vel: 0.0325
           Mean episode rew_action_rate: -0.0036
    Mean episode rew_similar_to_default: -0.0183
      Mean episode rew_tracking_lin_vel: 0.1637
             Mean episode rew_lin_vel_z: -0.0011
--------------------------------------------------------------------------------
                         Iteration time: 0.16s
                           Time elapsed: 0:00:36
                                    ETA: 0:00:18

################################################################################
[1m                           Learning iteration 200/300                           [0m 

                               Run name: go2-walking
                            Total steps: 19759104 
                       Steps per second: 603119 
                        Collection time: 0.081s 
                          Learning time: 0.082s 
                        Mean value loss: 0.0000
                    Mean surrogate loss: -0.0002
                      Mean entropy loss: -0.8048
                            Mean reward: 20.65
                    Mean episode length: 1001.00
                        Mean action std: 0.23
           Mean episode rew_base_height: -0.0015
      Mean episode rew_tracking_ang_vel: 0.0730
           Mean episode rew_action_rate: -0.0079
    Mean episode rew_similar_to_default: -0.0411
      Mean episode rew_tracking_lin_vel: 0.3679
             Mean episode rew_lin_vel_z: -0.0024
--------------------------------------------------------------------------------
                         Iteration time: 0.16s
                           Time elapsed: 0:00:37
                                    ETA: 0:00:18

################################################################################
[1m                           Learning iteration 201/300                           [0m 

                               Run name: go2-walking
                            Total steps: 19857408 
                       Steps per second: 603116 
                        Collection time: 0.081s 
                          Learning time: 0.082s 
                        Mean value loss: 0.0000
                    Mean surrogate loss: -0.0027
                      Mean entropy loss: -0.9406
                            Mean reward: 20.66
                    Mean episode length: 1001.00
                        Mean action std: 0.22
           Mean episode rew_base_height: -0.0008
      Mean episode rew_tracking_ang_vel: 0.0406
           Mean episode rew_action_rate: -0.0044
    Mean episode rew_similar_to_default: -0.0227
      Mean episode rew_tracking_lin_vel: 0.2044
             Mean episode rew_lin_vel_z: -0.0013
--------------------------------------------------------------------------------
                         Iteration time: 0.16s
                           Time elapsed: 0:00:37
                                    ETA: 0:00:18

################################################################################
[1m                           Learning iteration 202/300                           [0m 

                               Run name: go2-walking
                            Total steps: 19955712 
                       Steps per second: 594460 
                        Collection time: 0.083s 
                          Learning time: 0.082s 
                        Mean value loss: 0.0000
                    Mean surrogate loss: -0.0020
                      Mean entropy loss: -1.0685
                            Mean reward: 20.67
                    Mean episode length: 1001.00
                        Mean action std: 0.22
           Mean episode rew_base_height: -0.0015
      Mean episode rew_tracking_ang_vel: 0.0731
           Mean episode rew_action_rate: -0.0078
    Mean episode rew_similar_to_default: -0.0410
      Mean episode rew_tracking_lin_vel: 0.3680
             Mean episode rew_lin_vel_z: -0.0024
--------------------------------------------------------------------------------
                         Iteration time: 0.17s
                           Time elapsed: 0:00:37
                                    ETA: 0:00:17

################################################################################
[1m                           Learning iteration 203/300                           [0m 

                               Run name: go2-walking
                            Total steps: 20054016 
                       Steps per second: 599061 
                        Collection time: 0.081s 
                          Learning time: 0.083s 
                        Mean value loss: 0.0000
                    Mean surrogate loss: -0.0024
                      Mean entropy loss: -1.1763
                            Mean reward: 20.68
                    Mean episode length: 1001.00
                        Mean action std: 0.22
           Mean episode rew_base_height: -0.0026
      Mean episode rew_tracking_ang_vel: 0.1299
           Mean episode rew_action_rate: -0.0138
    Mean episode rew_similar_to_default: -0.0729
      Mean episode rew_tracking_lin_vel: 0.6540
             Mean episode rew_lin_vel_z: -0.0042
--------------------------------------------------------------------------------
                         Iteration time: 0.16s
                           Time elapsed: 0:00:37
                                    ETA: 0:00:17

################################################################################
[1m                           Learning iteration 204/300                           [0m 

                               Run name: go2-walking
                            Total steps: 20152320 
                       Steps per second: 599180 
                        Collection time: 0.082s 
                          Learning time: 0.083s 
                        Mean value loss: 0.0000
                    Mean surrogate loss: -0.0031
                      Mean entropy loss: -1.3096
                            Mean reward: 20.73
                    Mean episode length: 1001.00
                        Mean action std: 0.22
           Mean episode rew_base_height: -0.0032
      Mean episode rew_tracking_ang_vel: 0.1544
           Mean episode rew_action_rate: -0.0162
    Mean episode rew_similar_to_default: -0.0861
      Mean episode rew_tracking_lin_vel: 0.7769
             Mean episode rew_lin_vel_z: -0.0050
--------------------------------------------------------------------------------
                         Iteration time: 0.16s
                           Time elapsed: 0:00:37
                                    ETA: 0:00:17

################################################################################
[1m                           Learning iteration 205/300                           [0m 

                               Run name: go2-walking
                            Total steps: 20250624 
                       Steps per second: 601652 
                        Collection time: 0.081s 
                          Learning time: 0.082s 
                        Mean value loss: 0.0000
                    Mean surrogate loss: 0.0007
                      Mean entropy loss: -1.4392
                            Mean reward: 20.75
                    Mean episode length: 1001.00
                        Mean action std: 0.21
           Mean episode rew_base_height: -0.0040
      Mean episode rew_tracking_ang_vel: 0.1952
           Mean episode rew_action_rate: -0.0202
    Mean episode rew_similar_to_default: -0.1088
      Mean episode rew_tracking_lin_vel: 0.9816
             Mean episode rew_lin_vel_z: -0.0062
--------------------------------------------------------------------------------
                         Iteration time: 0.16s
                           Time elapsed: 0:00:37
                                    ETA: 0:00:17

################################################################################
[1m                           Learning iteration 206/300                           [0m 

                               Run name: go2-walking
                            Total steps: 20348928 
                       Steps per second: 600151 
                        Collection time: 0.082s 
                          Learning time: 0.082s 
                        Mean value loss: 0.0000
                    Mean surrogate loss: 0.0023
                      Mean entropy loss: -1.5545
                            Mean reward: 20.75
                    Mean episode length: 1001.00
                        Mean action std: 0.21
           Mean episode rew_base_height: -0.0040
      Mean episode rew_tracking_ang_vel: 0.1953
           Mean episode rew_action_rate: -0.0201
    Mean episode rew_similar_to_default: -0.1089
      Mean episode rew_tracking_lin_vel: 0.9817
             Mean episode rew_lin_vel_z: -0.0062
--------------------------------------------------------------------------------
                         Iteration time: 0.16s
                           Time elapsed: 0:00:37
                                    ETA: 0:00:17

################################################################################
[1m                           Learning iteration 207/300                           [0m 

                               Run name: go2-walking
                            Total steps: 20447232 
                       Steps per second: 599211 
                        Collection time: 0.082s 
                          Learning time: 0.082s 
                        Mean value loss: 0.0000
                    Mean surrogate loss: 0.0002
                      Mean entropy loss: -1.6301
                            Mean reward: 20.76
                    Mean episode length: 1001.00
                        Mean action std: 0.21
           Mean episode rew_base_height: -0.0040
      Mean episode rew_tracking_ang_vel: 0.1953
           Mean episode rew_action_rate: -0.0199
    Mean episode rew_similar_to_default: -0.1087
      Mean episode rew_tracking_lin_vel: 0.9817
             Mean episode rew_lin_vel_z: -0.0062
--------------------------------------------------------------------------------
                         Iteration time: 0.16s
                           Time elapsed: 0:00:38
                                    ETA: 0:00:16

################################################################################
[1m                           Learning iteration 208/300                           [0m 

                               Run name: go2-walking
                            Total steps: 20545536 
                       Steps per second: 599200 
                        Collection time: 0.082s 
                          Learning time: 0.082s 
                        Mean value loss: 0.0000
                    Mean surrogate loss: -0.0003
                      Mean entropy loss: -1.7042
                            Mean reward: 20.77
                    Mean episode length: 1001.00
                        Mean action std: 0.21
           Mean episode rew_base_height: -0.0040
      Mean episode rew_tracking_ang_vel: 0.1953
           Mean episode rew_action_rate: -0.0198
    Mean episode rew_similar_to_default: -0.1087
      Mean episode rew_tracking_lin_vel: 0.9819
             Mean episode rew_lin_vel_z: -0.0062
--------------------------------------------------------------------------------
                         Iteration time: 0.16s
                           Time elapsed: 0:00:38
                                    ETA: 0:00:16

################################################################################
[1m                           Learning iteration 209/300                           [0m 

                               Run name: go2-walking
                            Total steps: 20643840 
                       Steps per second: 599907 
                        Collection time: 0.082s 
                          Learning time: 0.082s 
                        Mean value loss: 0.0000
                    Mean surrogate loss: 0.0017
                      Mean entropy loss: -1.7778
                            Mean reward: 20.78
                    Mean episode length: 1001.00
                        Mean action std: 0.21
           Mean episode rew_base_height: -0.0040
      Mean episode rew_tracking_ang_vel: 0.1954
           Mean episode rew_action_rate: -0.0197
    Mean episode rew_similar_to_default: -0.1085
      Mean episode rew_tracking_lin_vel: 0.9820
             Mean episode rew_lin_vel_z: -0.0062
--------------------------------------------------------------------------------
                         Iteration time: 0.16s
                           Time elapsed: 0:00:38
                                    ETA: 0:00:16

################################################################################
[1m                           Learning iteration 210/300                           [0m 

                               Run name: go2-walking
                            Total steps: 20742144 
                       Steps per second: 598633 
                        Collection time: 0.082s 
                          Learning time: 0.083s 
                        Mean value loss: 0.0000
                    Mean surrogate loss: -0.0000
                      Mean entropy loss: -1.8290
                            Mean reward: 20.79
                    Mean episode length: 1001.00
                        Mean action std: 0.21
           Mean episode rew_base_height: -0.0040
      Mean episode rew_tracking_ang_vel: 0.1954
           Mean episode rew_action_rate: -0.0195
    Mean episode rew_similar_to_default: -0.1084
      Mean episode rew_tracking_lin_vel: 0.9821
             Mean episode rew_lin_vel_z: -0.0062
--------------------------------------------------------------------------------
                         Iteration time: 0.16s
                           Time elapsed: 0:00:38
                                    ETA: 0:00:16

################################################################################
[1m                           Learning iteration 211/300                           [0m 

                               Run name: go2-walking
                            Total steps: 20840448 
                       Steps per second: 599935 
                        Collection time: 0.082s 
                          Learning time: 0.082s 
                        Mean value loss: 0.0000
                    Mean surrogate loss: -0.0006
                      Mean entropy loss: -1.9138
                            Mean reward: 20.80
                    Mean episode length: 1001.00
                        Mean action std: 0.21
           Mean episode rew_base_height: -0.0041
      Mean episode rew_tracking_ang_vel: 0.1955
           Mean episode rew_action_rate: -0.0194
    Mean episode rew_similar_to_default: -0.1082
      Mean episode rew_tracking_lin_vel: 0.9822
             Mean episode rew_lin_vel_z: -0.0062
--------------------------------------------------------------------------------
                         Iteration time: 0.16s
                           Time elapsed: 0:00:38
                                    ETA: 0:00:16

################################################################################
[1m                           Learning iteration 212/300                           [0m 

                               Run name: go2-walking
                            Total steps: 20938752 
                       Steps per second: 599699 
                        Collection time: 0.082s 
                          Learning time: 0.082s 
                        Mean value loss: 0.0000
                    Mean surrogate loss: -0.0011
                      Mean entropy loss: -1.9824
                            Mean reward: 20.81
                    Mean episode length: 1001.00
                        Mean action std: 0.20
           Mean episode rew_base_height: -0.0041
      Mean episode rew_tracking_ang_vel: 0.1955
           Mean episode rew_action_rate: -0.0192
    Mean episode rew_similar_to_default: -0.1080
      Mean episode rew_tracking_lin_vel: 0.9825
             Mean episode rew_lin_vel_z: -0.0062
--------------------------------------------------------------------------------
                         Iteration time: 0.16s
                           Time elapsed: 0:00:38
                                    ETA: 0:00:15

################################################################################
[1m                           Learning iteration 213/300                           [0m 

                               Run name: go2-walking
                            Total steps: 21037056 
                       Steps per second: 598844 
                        Collection time: 0.082s 
                          Learning time: 0.082s 
                        Mean value loss: 0.0000
                    Mean surrogate loss: -0.0006
                      Mean entropy loss: -2.0540
                            Mean reward: 20.83
                    Mean episode length: 1001.00
                        Mean action std: 0.20
           Mean episode rew_base_height: -0.0041
      Mean episode rew_tracking_ang_vel: 0.1956
           Mean episode rew_action_rate: -0.0191
    Mean episode rew_similar_to_default: -0.1079
      Mean episode rew_tracking_lin_vel: 0.9828
             Mean episode rew_lin_vel_z: -0.0062
--------------------------------------------------------------------------------
                         Iteration time: 0.16s
                           Time elapsed: 0:00:39
                                    ETA: 0:00:15

################################################################################
[1m                           Learning iteration 214/300                           [0m 

                               Run name: go2-walking
                            Total steps: 21135360 
                       Steps per second: 599641 
                        Collection time: 0.082s 
                          Learning time: 0.082s 
                        Mean value loss: 0.0000
                    Mean surrogate loss: 0.0006
                      Mean entropy loss: -2.1361
                            Mean reward: 20.84
                    Mean episode length: 1001.00
                        Mean action std: 0.20
           Mean episode rew_base_height: -0.0041
      Mean episode rew_tracking_ang_vel: 0.1956
           Mean episode rew_action_rate: -0.0190
    Mean episode rew_similar_to_default: -0.1077
      Mean episode rew_tracking_lin_vel: 0.9829
             Mean episode rew_lin_vel_z: -0.0062
--------------------------------------------------------------------------------
                         Iteration time: 0.16s
                           Time elapsed: 0:00:39
                                    ETA: 0:00:15

################################################################################
[1m                           Learning iteration 215/300                           [0m 

                               Run name: go2-walking
                            Total steps: 21233664 
                       Steps per second: 598022 
                        Collection time: 0.082s 
                          Learning time: 0.082s 
                        Mean value loss: 0.0000
                    Mean surrogate loss: 0.0012
                      Mean entropy loss: -2.2288
                            Mean reward: 20.85
                    Mean episode length: 1001.00
                        Mean action std: 0.20
           Mean episode rew_base_height: -0.0042
      Mean episode rew_tracking_ang_vel: 0.1957
           Mean episode rew_action_rate: -0.0188
    Mean episode rew_similar_to_default: -0.1074
      Mean episode rew_tracking_lin_vel: 0.9832
             Mean episode rew_lin_vel_z: -0.0062
--------------------------------------------------------------------------------
                         Iteration time: 0.16s
                           Time elapsed: 0:00:39
                                    ETA: 0:00:15

################################################################################
[1m                           Learning iteration 216/300                           [0m 

                               Run name: go2-walking
                            Total steps: 21331968 
                       Steps per second: 598744 
                        Collection time: 0.082s 
                          Learning time: 0.082s 
                        Mean value loss: 0.0000
                    Mean surrogate loss: 0.0012
                      Mean entropy loss: -2.2829
                            Mean reward: 20.86
                    Mean episode length: 1001.00
                        Mean action std: 0.20
           Mean episode rew_base_height: -0.0041
      Mean episode rew_tracking_ang_vel: 0.1957
           Mean episode rew_action_rate: -0.0187
    Mean episode rew_similar_to_default: -0.1073
      Mean episode rew_tracking_lin_vel: 0.9833
             Mean episode rew_lin_vel_z: -0.0062
--------------------------------------------------------------------------------
                         Iteration time: 0.16s
                           Time elapsed: 0:00:39
                                    ETA: 0:00:15

################################################################################
[1m                           Learning iteration 217/300                           [0m 

                               Run name: go2-walking
                            Total steps: 21430272 
                       Steps per second: 599821 
                        Collection time: 0.082s 
                          Learning time: 0.082s 
                        Mean value loss: 0.0000
                    Mean surrogate loss: -0.0010
                      Mean entropy loss: -2.3475
                            Mean reward: 20.87
                    Mean episode length: 1001.00
                        Mean action std: 0.20
           Mean episode rew_base_height: -0.0040
      Mean episode rew_tracking_ang_vel: 0.1876
           Mean episode rew_action_rate: -0.0178
    Mean episode rew_similar_to_default: -0.1024
      Mean episode rew_tracking_lin_vel: 0.9424
             Mean episode rew_lin_vel_z: -0.0059
--------------------------------------------------------------------------------
                         Iteration time: 0.16s
                           Time elapsed: 0:00:39
                                    ETA: 0:00:14

################################################################################
[1m                           Learning iteration 218/300                           [0m 

                               Run name: go2-walking
                            Total steps: 21528576 
                       Steps per second: 601950 
                        Collection time: 0.081s 
                          Learning time: 0.082s 
                        Mean value loss: 0.0000
                    Mean surrogate loss: -0.0020
                      Mean entropy loss: -2.4354
                            Mean reward: 20.88
                    Mean episode length: 1001.00
                        Mean action std: 0.20
           Mean episode rew_base_height: -0.0042
      Mean episode rew_tracking_ang_vel: 0.1958
           Mean episode rew_action_rate: -0.0185
    Mean episode rew_similar_to_default: -0.1067
      Mean episode rew_tracking_lin_vel: 0.9837
             Mean episode rew_lin_vel_z: -0.0061
--------------------------------------------------------------------------------
                         Iteration time: 0.16s
                           Time elapsed: 0:00:39
                                    ETA: 0:00:14

################################################################################
[1m                           Learning iteration 219/300                           [0m 

                               Run name: go2-walking
                            Total steps: 21626880 
                       Steps per second: 600015 
                        Collection time: 0.082s 
                          Learning time: 0.082s 
                        Mean value loss: 0.0000
                    Mean surrogate loss: -0.0008
                      Mean entropy loss: -2.5448
                            Mean reward: 20.89
                    Mean episode length: 1001.00
                        Mean action std: 0.20
           Mean episode rew_base_height: -0.0040
      Mean episode rew_tracking_ang_vel: 0.1877
           Mean episode rew_action_rate: -0.0176
    Mean episode rew_similar_to_default: -0.1021
      Mean episode rew_tracking_lin_vel: 0.9430
             Mean episode rew_lin_vel_z: -0.0059
--------------------------------------------------------------------------------
                         Iteration time: 0.16s
                           Time elapsed: 0:00:40
                                    ETA: 0:00:14

################################################################################
[1m                           Learning iteration 220/300                           [0m 

                               Run name: go2-walking
                            Total steps: 21725184 
                       Steps per second: 598057 
                        Collection time: 0.082s 
                          Learning time: 0.082s 
                        Mean value loss: 0.0000
                    Mean surrogate loss: -0.0008
                      Mean entropy loss: -2.6649
                            Mean reward: 20.90
                    Mean episode length: 1001.00
                        Mean action std: 0.19
           Mean episode rew_base_height: -0.0042
      Mean episode rew_tracking_ang_vel: 0.1959
           Mean episode rew_action_rate: -0.0182
    Mean episode rew_similar_to_default: -0.1063
      Mean episode rew_tracking_lin_vel: 0.9838
             Mean episode rew_lin_vel_z: -0.0061
--------------------------------------------------------------------------------
                         Iteration time: 0.16s
                           Time elapsed: 0:00:40
                                    ETA: 0:00:14

################################################################################
[1m                           Learning iteration 221/300                           [0m 

                               Run name: go2-walking
                            Total steps: 21823488 
                       Steps per second: 603450 
                        Collection time: 0.081s 
                          Learning time: 0.082s 
                        Mean value loss: 0.0000
                    Mean surrogate loss: -0.0017
                      Mean entropy loss: -2.7767
                            Mean reward: 20.91
                    Mean episode length: 1001.00
                        Mean action std: 0.19
           Mean episode rew_base_height: -0.0041
      Mean episode rew_tracking_ang_vel: 0.1878
           Mean episode rew_action_rate: -0.0174
    Mean episode rew_similar_to_default: -0.1015
      Mean episode rew_tracking_lin_vel: 0.9430
             Mean episode rew_lin_vel_z: -0.0059
--------------------------------------------------------------------------------
                         Iteration time: 0.16s
                           Time elapsed: 0:00:40
                                    ETA: 0:00:14

################################################################################
[1m                           Learning iteration 222/300                           [0m 

                               Run name: go2-walking
                            Total steps: 21921792 
                       Steps per second: 599770 
                        Collection time: 0.082s 
                          Learning time: 0.082s 
                        Mean value loss: 0.0000
                    Mean surrogate loss: -0.0022
                      Mean entropy loss: -2.9114
                            Mean reward: 20.92
                    Mean episode length: 1001.00
                        Mean action std: 0.19
           Mean episode rew_base_height: -0.0043
      Mean episode rew_tracking_ang_vel: 0.1960
           Mean episode rew_action_rate: -0.0180
    Mean episode rew_similar_to_default: -0.1057
      Mean episode rew_tracking_lin_vel: 0.9840
             Mean episode rew_lin_vel_z: -0.0061
--------------------------------------------------------------------------------
                         Iteration time: 0.16s
                           Time elapsed: 0:00:40
                                    ETA: 0:00:14

################################################################################
[1m                           Learning iteration 223/300                           [0m 

                               Run name: go2-walking
                            Total steps: 22020096 
                       Steps per second: 601361 
                        Collection time: 0.082s 
                          Learning time: 0.082s 
                        Mean value loss: 0.0000
                    Mean surrogate loss: -0.0002
                      Mean entropy loss: -3.0303
                            Mean reward: 20.93
                    Mean episode length: 1001.00
                        Mean action std: 0.19
           Mean episode rew_base_height: -0.0041
      Mean episode rew_tracking_ang_vel: 0.1878
           Mean episode rew_action_rate: -0.0171
    Mean episode rew_similar_to_default: -0.1010
      Mean episode rew_tracking_lin_vel: 0.9431
             Mean episode rew_lin_vel_z: -0.0058
--------------------------------------------------------------------------------
                         Iteration time: 0.16s
                           Time elapsed: 0:00:40
                                    ETA: 0:00:13

################################################################################
[1m                           Learning iteration 224/300                           [0m 

                               Run name: go2-walking
                            Total steps: 22118400 
                       Steps per second: 602576 
                        Collection time: 0.081s 
                          Learning time: 0.082s 
                        Mean value loss: 0.0000
                    Mean surrogate loss: 0.0002
                      Mean entropy loss: -3.1234
                            Mean reward: 20.94
                    Mean episode length: 1001.00
                        Mean action std: 0.19
           Mean episode rew_base_height: -0.0043
      Mean episode rew_tracking_ang_vel: 0.1960
           Mean episode rew_action_rate: -0.0178
    Mean episode rew_similar_to_default: -0.1053
      Mean episode rew_tracking_lin_vel: 0.9843
             Mean episode rew_lin_vel_z: -0.0061
--------------------------------------------------------------------------------
                         Iteration time: 0.16s
                           Time elapsed: 0:00:40
                                    ETA: 0:00:13

################################################################################
[1m                           Learning iteration 225/300                           [0m 

                               Run name: go2-walking
                            Total steps: 22216704 
                       Steps per second: 600170 
                        Collection time: 0.082s 
                          Learning time: 0.082s 
                        Mean value loss: 0.0000
                    Mean surrogate loss: -0.0008
                      Mean entropy loss: -3.2159
                            Mean reward: 20.95
                    Mean episode length: 1001.00
                        Mean action std: 0.18
           Mean episode rew_base_height: -0.0043
      Mean episode rew_tracking_ang_vel: 0.1961
           Mean episode rew_action_rate: -0.0177
    Mean episode rew_similar_to_default: -0.1049
      Mean episode rew_tracking_lin_vel: 0.9844
             Mean episode rew_lin_vel_z: -0.0060
--------------------------------------------------------------------------------
                         Iteration time: 0.16s
                           Time elapsed: 0:00:41
                                    ETA: 0:00:13

################################################################################
[1m                           Learning iteration 226/300                           [0m 

                               Run name: go2-walking
                            Total steps: 22315008 
                       Steps per second: 602239 
                        Collection time: 0.081s 
                          Learning time: 0.082s 
                        Mean value loss: 0.0000
                    Mean surrogate loss: -0.0012
                      Mean entropy loss: -3.3139
                            Mean reward: 20.96
                    Mean episode length: 1001.00
                        Mean action std: 0.18
           Mean episode rew_base_height: -0.0041
      Mean episode rew_tracking_ang_vel: 0.1879
           Mean episode rew_action_rate: -0.0168
    Mean episode rew_similar_to_default: -0.1003
      Mean episode rew_tracking_lin_vel: 0.9434
             Mean episode rew_lin_vel_z: -0.0058
--------------------------------------------------------------------------------
                         Iteration time: 0.16s
                           Time elapsed: 0:00:41
                                    ETA: 0:00:13

################################################################################
[1m                           Learning iteration 227/300                           [0m 

                               Run name: go2-walking
                            Total steps: 22413312 
                       Steps per second: 599417 
                        Collection time: 0.082s 
                          Learning time: 0.082s 
                        Mean value loss: 0.0000
                    Mean surrogate loss: -0.0011
                      Mean entropy loss: -3.4055
                            Mean reward: 20.97
                    Mean episode length: 1001.00
                        Mean action std: 0.18
           Mean episode rew_base_height: -0.0043
      Mean episode rew_tracking_ang_vel: 0.1962
           Mean episode rew_action_rate: -0.0174
    Mean episode rew_similar_to_default: -0.1045
      Mean episode rew_tracking_lin_vel: 0.9846
             Mean episode rew_lin_vel_z: -0.0060
--------------------------------------------------------------------------------
                         Iteration time: 0.16s
                           Time elapsed: 0:00:41
                                    ETA: 0:00:13

################################################################################
[1m                           Learning iteration 228/300                           [0m 

                               Run name: go2-walking
                            Total steps: 22511616 
                       Steps per second: 600069 
                        Collection time: 0.082s 
                          Learning time: 0.082s 
                        Mean value loss: 0.0000
                    Mean surrogate loss: -0.0001
                      Mean entropy loss: -3.4928
                            Mean reward: 20.98
                    Mean episode length: 1001.00
                        Mean action std: 0.18
           Mean episode rew_base_height: -0.0044
      Mean episode rew_tracking_ang_vel: 0.1962
           Mean episode rew_action_rate: -0.0174
    Mean episode rew_similar_to_default: -0.1041
      Mean episode rew_tracking_lin_vel: 0.9847
             Mean episode rew_lin_vel_z: -0.0060
--------------------------------------------------------------------------------
                         Iteration time: 0.16s
                           Time elapsed: 0:00:41
                                    ETA: 0:00:12

################################################################################
[1m                           Learning iteration 229/300                           [0m 

                               Run name: go2-walking
                            Total steps: 22609920 
                       Steps per second: 600634 
                        Collection time: 0.082s 
                          Learning time: 0.082s 
                        Mean value loss: 0.0000
                    Mean surrogate loss: 0.0015
                      Mean entropy loss: -3.5570
                            Mean reward: 20.99
                    Mean episode length: 1001.00
                        Mean action std: 0.18
           Mean episode rew_base_height: -0.0044
      Mean episode rew_tracking_ang_vel: 0.1962
           Mean episode rew_action_rate: -0.0173
    Mean episode rew_similar_to_default: -0.1040
      Mean episode rew_tracking_lin_vel: 0.9848
             Mean episode rew_lin_vel_z: -0.0060
--------------------------------------------------------------------------------
                         Iteration time: 0.16s
                           Time elapsed: 0:00:41
                                    ETA: 0:00:12

################################################################################
[1m                           Learning iteration 230/300                           [0m 

                               Run name: go2-walking
                            Total steps: 22708224 
                       Steps per second: 600525 
                        Collection time: 0.082s 
                          Learning time: 0.082s 
                        Mean value loss: 0.0000
                    Mean surrogate loss: -0.0015
                      Mean entropy loss: -3.6273
                            Mean reward: 21.00
                    Mean episode length: 1001.00
                        Mean action std: 0.18
           Mean episode rew_base_height: -0.0044
      Mean episode rew_tracking_ang_vel: 0.1962
           Mean episode rew_action_rate: -0.0172
    Mean episode rew_similar_to_default: -0.1036
      Mean episode rew_tracking_lin_vel: 0.9849
             Mean episode rew_lin_vel_z: -0.0060
--------------------------------------------------------------------------------
                         Iteration time: 0.16s
                           Time elapsed: 0:00:41
                                    ETA: 0:00:12

################################################################################
[1m                           Learning iteration 231/300                           [0m 

                               Run name: go2-walking
                            Total steps: 22806528 
                       Steps per second: 600958 
                        Collection time: 0.081s 
                          Learning time: 0.082s 
                        Mean value loss: 0.0000
                    Mean surrogate loss: -0.0013
                      Mean entropy loss: -3.7082
                            Mean reward: 21.01
                    Mean episode length: 1001.00
                        Mean action std: 0.18
           Mean episode rew_base_height: -0.0044
      Mean episode rew_tracking_ang_vel: 0.1963
           Mean episode rew_action_rate: -0.0171
    Mean episode rew_similar_to_default: -0.1034
      Mean episode rew_tracking_lin_vel: 0.9850
             Mean episode rew_lin_vel_z: -0.0060
--------------------------------------------------------------------------------
                         Iteration time: 0.16s
                           Time elapsed: 0:00:42
                                    ETA: 0:00:12

################################################################################
[1m                           Learning iteration 232/300                           [0m 

                               Run name: go2-walking
                            Total steps: 22904832 
                       Steps per second: 593166 
                        Collection time: 0.084s 
                          Learning time: 0.082s 
                        Mean value loss: 0.0000
                    Mean surrogate loss: -0.0003
                      Mean entropy loss: -3.7973
                            Mean reward: 21.01
                    Mean episode length: 1001.00
                        Mean action std: 0.18
           Mean episode rew_base_height: -0.0039
      Mean episode rew_tracking_ang_vel: 0.1718
           Mean episode rew_action_rate: -0.0148
    Mean episode rew_similar_to_default: -0.0902
      Mean episode rew_tracking_lin_vel: 0.8618
             Mean episode rew_lin_vel_z: -0.0052
--------------------------------------------------------------------------------
                         Iteration time: 0.17s
                           Time elapsed: 0:00:42
                                    ETA: 0:00:12

################################################################################
[1m                           Learning iteration 233/300                           [0m 

                               Run name: go2-walking
                            Total steps: 23003136 
                       Steps per second: 601913 
                        Collection time: 0.081s 
                          Learning time: 0.082s 
                        Mean value loss: 0.0000
                    Mean surrogate loss: -0.0006
                      Mean entropy loss: -3.8819
                            Mean reward: 21.02
                    Mean episode length: 1001.00
                        Mean action std: 0.17
           Mean episode rew_base_height: -0.0042
      Mean episode rew_tracking_ang_vel: 0.1881
           Mean episode rew_action_rate: -0.0162
    Mean episode rew_similar_to_default: -0.0986
      Mean episode rew_tracking_lin_vel: 0.9440
             Mean episode rew_lin_vel_z: -0.0057
--------------------------------------------------------------------------------
                         Iteration time: 0.16s
                           Time elapsed: 0:00:42
                                    ETA: 0:00:11

################################################################################
[1m                           Learning iteration 234/300                           [0m 

                               Run name: go2-walking
                            Total steps: 23101440 
                       Steps per second: 605719 
                        Collection time: 0.081s 
                          Learning time: 0.082s 
                        Mean value loss: 0.0000
                    Mean surrogate loss: -0.0019
                      Mean entropy loss: -3.9866
                            Mean reward: 21.03
                    Mean episode length: 1001.00
                        Mean action std: 0.17
           Mean episode rew_base_height: -0.0037
      Mean episode rew_tracking_ang_vel: 0.1637
           Mean episode rew_action_rate: -0.0140
    Mean episode rew_similar_to_default: -0.0855
      Mean episode rew_tracking_lin_vel: 0.8211
             Mean episode rew_lin_vel_z: -0.0049
--------------------------------------------------------------------------------
                         Iteration time: 0.16s
                           Time elapsed: 0:00:42
                                    ETA: 0:00:11

################################################################################
[1m                           Learning iteration 235/300                           [0m 

                               Run name: go2-walking
                            Total steps: 23199744 
                       Steps per second: 605438 
                        Collection time: 0.080s 
                          Learning time: 0.082s 
                        Mean value loss: 0.0000
                    Mean surrogate loss: 0.0013
                      Mean entropy loss: -4.1107
                            Mean reward: 21.03
                    Mean episode length: 1001.00
                        Mean action std: 0.17
           Mean episode rew_base_height: -0.0032
      Mean episode rew_tracking_ang_vel: 0.1391
           Mean episode rew_action_rate: -0.0119
    Mean episode rew_similar_to_default: -0.0725
      Mean episode rew_tracking_lin_vel: 0.6979
             Mean episode rew_lin_vel_z: -0.0042
--------------------------------------------------------------------------------
                         Iteration time: 0.16s
                           Time elapsed: 0:00:42
                                    ETA: 0:00:11

################################################################################
[1m                           Learning iteration 236/300                           [0m 

                               Run name: go2-walking
                            Total steps: 23298048 
                       Steps per second: 603768 
                        Collection time: 0.081s 
                          Learning time: 0.082s 
                        Mean value loss: 0.0000
                    Mean surrogate loss: 0.0010
                      Mean entropy loss: -4.2031
                            Mean reward: 21.04
                    Mean episode length: 1001.00
                        Mean action std: 0.17
           Mean episode rew_base_height: -0.0034
      Mean episode rew_tracking_ang_vel: 0.1473
           Mean episode rew_action_rate: -0.0125
    Mean episode rew_similar_to_default: -0.0766
      Mean episode rew_tracking_lin_vel: 0.7390
             Mean episode rew_lin_vel_z: -0.0044
--------------------------------------------------------------------------------
                         Iteration time: 0.16s
                           Time elapsed: 0:00:42
                                    ETA: 0:00:11

################################################################################
[1m                           Learning iteration 237/300                           [0m 

                               Run name: go2-walking
                            Total steps: 23396352 
                       Steps per second: 604214 
                        Collection time: 0.081s 
                          Learning time: 0.082s 
                        Mean value loss: 0.0000
                    Mean surrogate loss: 0.0020
                      Mean entropy loss: -4.2906
                            Mean reward: 21.05
                    Mean episode length: 1001.00
                        Mean action std: 0.17
           Mean episode rew_base_height: -0.0024
      Mean episode rew_tracking_ang_vel: 0.1064
           Mean episode rew_action_rate: -0.0090
    Mean episode rew_similar_to_default: -0.0552
      Mean episode rew_tracking_lin_vel: 0.5338
             Mean episode rew_lin_vel_z: -0.0032
--------------------------------------------------------------------------------
                         Iteration time: 0.16s
                           Time elapsed: 0:00:43
                                    ETA: 0:00:11

################################################################################
[1m                           Learning iteration 238/300                           [0m 

                               Run name: go2-walking
                            Total steps: 23494656 
                       Steps per second: 608193 
                        Collection time: 0.080s 
                          Learning time: 0.082s 
                        Mean value loss: 0.0000
                    Mean surrogate loss: -0.0021
                      Mean entropy loss: -4.3814
                            Mean reward: 21.05
                    Mean episode length: 1001.00
                        Mean action std: 0.17
           Mean episode rew_base_height: -0.0010
      Mean episode rew_tracking_ang_vel: 0.0409
           Mean episode rew_action_rate: -0.0034
    Mean episode rew_similar_to_default: -0.0211
      Mean episode rew_tracking_lin_vel: 0.2053
             Mean episode rew_lin_vel_z: -0.0012
--------------------------------------------------------------------------------
                         Iteration time: 0.16s
                           Time elapsed: 0:00:43
                                    ETA: 0:00:11

################################################################################
[1m                           Learning iteration 239/300                           [0m 

                               Run name: go2-walking
                            Total steps: 23592960 
                       Steps per second: 609910 
                        Collection time: 0.080s 
                          Learning time: 0.082s 
                        Mean value loss: 0.0000
                    Mean surrogate loss: -0.0003
                      Mean entropy loss: -4.5001
                            Mean reward: 21.05
                    Mean episode length: 1001.00
                        Mean action std: 0.17
           Mean episode rew_base_height: -0.0008
      Mean episode rew_tracking_ang_vel: 0.0328
           Mean episode rew_action_rate: -0.0027
    Mean episode rew_similar_to_default: -0.0169
      Mean episode rew_tracking_lin_vel: 0.1642
             Mean episode rew_lin_vel_z: -0.0010
--------------------------------------------------------------------------------
                         Iteration time: 0.16s
                           Time elapsed: 0:00:43
                                    ETA: 0:00:10

################################################################################
[1m                           Learning iteration 240/300                           [0m 

                               Run name: go2-walking
                            Total steps: 23691264 
                       Steps per second: 607163 
                        Collection time: 0.080s 
                          Learning time: 0.082s 
                        Mean value loss: 0.0000
                    Mean surrogate loss: 0.0008
                      Mean entropy loss: -4.6164
                            Mean reward: 21.05
                    Mean episode length: 1001.00
                        Mean action std: 0.16
           Mean episode rew_base_height: -0.0007
      Mean episode rew_tracking_ang_vel: 0.0327
           Mean episode rew_action_rate: -0.0027
    Mean episode rew_similar_to_default: -0.0169
      Mean episode rew_tracking_lin_vel: 0.1642
             Mean episode rew_lin_vel_z: -0.0010
--------------------------------------------------------------------------------
                         Iteration time: 0.16s
                           Time elapsed: 0:00:43
                                    ETA: 0:00:10

################################################################################
[1m                           Learning iteration 241/300                           [0m 

                               Run name: go2-walking
                            Total steps: 23789568 
                       Steps per second: 604480 
                        Collection time: 0.081s 
                          Learning time: 0.082s 
                        Mean value loss: 0.0000
                    Mean surrogate loss: 0.0028
                      Mean entropy loss: -4.6841
                            Mean reward: 21.05
                    Mean episode length: 1001.00
                        Mean action std: 0.16
           Mean episode rew_base_height: -0.0008
      Mean episode rew_tracking_ang_vel: 0.0327
           Mean episode rew_action_rate: -0.0027
    Mean episode rew_similar_to_default: -0.0168
      Mean episode rew_tracking_lin_vel: 0.1642
             Mean episode rew_lin_vel_z: -0.0010
--------------------------------------------------------------------------------
                         Iteration time: 0.16s
                           Time elapsed: 0:00:43
                                    ETA: 0:00:10

################################################################################
[1m                           Learning iteration 242/300                           [0m 

                               Run name: go2-walking
                            Total steps: 23887872 
                       Steps per second: 608968 
                        Collection time: 0.080s 
                          Learning time: 0.082s 
                        Mean value loss: 0.0000
                    Mean surrogate loss: -0.0007
                      Mean entropy loss: -4.7630
                            Mean reward: 21.06
                    Mean episode length: 1001.00
                        Mean action std: 0.16
           Mean episode rew_base_height: -0.0013
      Mean episode rew_tracking_ang_vel: 0.0573
           Mean episode rew_action_rate: -0.0047
    Mean episode rew_similar_to_default: -0.0293
      Mean episode rew_tracking_lin_vel: 0.2874
             Mean episode rew_lin_vel_z: -0.0017
--------------------------------------------------------------------------------
                         Iteration time: 0.16s
                           Time elapsed: 0:00:43
                                    ETA: 0:00:10

################################################################################
[1m                           Learning iteration 243/300                           [0m 

                               Run name: go2-walking
                            Total steps: 23986176 
                       Steps per second: 608424 
                        Collection time: 0.080s 
                          Learning time: 0.082s 
                        Mean value loss: 0.0000
                    Mean surrogate loss: 0.0008
                      Mean entropy loss: -4.8635
                            Mean reward: 21.06
                    Mean episode length: 1001.00
                        Mean action std: 0.16
           Mean episode rew_base_height: -0.0019
      Mean episode rew_tracking_ang_vel: 0.0819
           Mean episode rew_action_rate: -0.0067
    Mean episode rew_similar_to_default: -0.0419
      Mean episode rew_tracking_lin_vel: 0.4106
             Mean episode rew_lin_vel_z: -0.0024
--------------------------------------------------------------------------------
                         Iteration time: 0.16s
                           Time elapsed: 0:00:44
                                    ETA: 0:00:10

################################################################################
[1m                           Learning iteration 244/300                           [0m 

                               Run name: go2-walking
                            Total steps: 24084480 
                       Steps per second: 608277 
                        Collection time: 0.080s 
                          Learning time: 0.082s 
                        Mean value loss: 0.0000
                    Mean surrogate loss: 0.0006
                      Mean entropy loss: -4.9524
                            Mean reward: 21.07
                    Mean episode length: 1001.00
                        Mean action std: 0.16
           Mean episode rew_base_height: -0.0015
      Mean episode rew_tracking_ang_vel: 0.0655
           Mean episode rew_action_rate: -0.0054
    Mean episode rew_similar_to_default: -0.0334
      Mean episode rew_tracking_lin_vel: 0.3285
             Mean episode rew_lin_vel_z: -0.0019
--------------------------------------------------------------------------------
                         Iteration time: 0.16s
                           Time elapsed: 0:00:44
                                    ETA: 0:00:09

################################################################################
[1m                           Learning iteration 245/300                           [0m 

                               Run name: go2-walking
                            Total steps: 24182784 
                       Steps per second: 603941 
                        Collection time: 0.081s 
                          Learning time: 0.082s 
                        Mean value loss: 0.0000
                    Mean surrogate loss: 0.0007
                      Mean entropy loss: -5.0238
                            Mean reward: 21.09
                    Mean episode length: 1001.00
                        Mean action std: 0.16
           Mean episode rew_base_height: -0.0037
      Mean episode rew_tracking_ang_vel: 0.1556
           Mean episode rew_action_rate: -0.0127
    Mean episode rew_similar_to_default: -0.0793
      Mean episode rew_tracking_lin_vel: 0.7800
             Mean episode rew_lin_vel_z: -0.0046
--------------------------------------------------------------------------------
                         Iteration time: 0.16s
                           Time elapsed: 0:00:44
                                    ETA: 0:00:09

################################################################################
[1m                           Learning iteration 246/300                           [0m 

                               Run name: go2-walking
                            Total steps: 24281088 
                       Steps per second: 603067 
                        Collection time: 0.081s 
                          Learning time: 0.082s 
                        Mean value loss: 0.0000
                    Mean surrogate loss: 0.0014
                      Mean entropy loss: -5.1126
                            Mean reward: 21.11
                    Mean episode length: 1001.00
                        Mean action std: 0.16
           Mean episode rew_base_height: -0.0037
      Mean episode rew_tracking_ang_vel: 0.1556
           Mean episode rew_action_rate: -0.0126
    Mean episode rew_similar_to_default: -0.0791
      Mean episode rew_tracking_lin_vel: 0.7801
             Mean episode rew_lin_vel_z: -0.0046
--------------------------------------------------------------------------------
                         Iteration time: 0.16s
                           Time elapsed: 0:00:44
                                    ETA: 0:00:09

################################################################################
[1m                           Learning iteration 247/300                           [0m 

                               Run name: go2-walking
                            Total steps: 24379392 
                       Steps per second: 604903 
                        Collection time: 0.081s 
                          Learning time: 0.082s 
                        Mean value loss: 0.0000
                    Mean surrogate loss: 0.0012
                      Mean entropy loss: -5.1746
                            Mean reward: 21.12
                    Mean episode length: 1001.00
                        Mean action std: 0.16
           Mean episode rew_base_height: -0.0047
      Mean episode rew_tracking_ang_vel: 0.1967
           Mean episode rew_action_rate: -0.0159
    Mean episode rew_similar_to_default: -0.0997
      Mean episode rew_tracking_lin_vel: 0.9855
             Mean episode rew_lin_vel_z: -0.0058
--------------------------------------------------------------------------------
                         Iteration time: 0.16s
                           Time elapsed: 0:00:44
                                    ETA: 0:00:09

################################################################################
[1m                           Learning iteration 248/300                           [0m 

                               Run name: go2-walking
                            Total steps: 24477696 
                       Steps per second: 605563 
                        Collection time: 0.081s 
                          Learning time: 0.082s 
                        Mean value loss: 0.0000
                    Mean surrogate loss: 0.0021
                      Mean entropy loss: -5.2446
                            Mean reward: 21.13
                    Mean episode length: 1001.00
                        Mean action std: 0.16
           Mean episode rew_base_height: -0.0047
      Mean episode rew_tracking_ang_vel: 0.1967
           Mean episode rew_action_rate: -0.0159
    Mean episode rew_similar_to_default: -0.0995
      Mean episode rew_tracking_lin_vel: 0.9855
             Mean episode rew_lin_vel_z: -0.0058
--------------------------------------------------------------------------------
                         Iteration time: 0.16s
                           Time elapsed: 0:00:44
                                    ETA: 0:00:09

################################################################################
[1m                           Learning iteration 249/300                           [0m 

                               Run name: go2-walking
                            Total steps: 24576000 
                       Steps per second: 603343 
                        Collection time: 0.081s 
                          Learning time: 0.082s 
                        Mean value loss: 0.0000
                    Mean surrogate loss: -0.0005
                      Mean entropy loss: -5.3000
                            Mean reward: 21.13
                    Mean episode length: 1001.00
                        Mean action std: 0.16
           Mean episode rew_base_height: -0.0047
      Mean episode rew_tracking_ang_vel: 0.1967
           Mean episode rew_action_rate: -0.0158
    Mean episode rew_similar_to_default: -0.0992
      Mean episode rew_tracking_lin_vel: 0.9856
             Mean episode rew_lin_vel_z: -0.0058
--------------------------------------------------------------------------------
                         Iteration time: 0.16s
                           Time elapsed: 0:00:45
                                    ETA: 0:00:09

################################################################################
[1m                           Learning iteration 250/300                           [0m 

                               Run name: go2-walking
                            Total steps: 24674304 
                       Steps per second: 606441 
                        Collection time: 0.081s 
                          Learning time: 0.081s 
                        Mean value loss: 0.0000
                    Mean surrogate loss: 0.0026
                      Mean entropy loss: -5.3550
                            Mean reward: 21.14
                    Mean episode length: 1001.00
                        Mean action std: 0.15
           Mean episode rew_base_height: -0.0047
      Mean episode rew_tracking_ang_vel: 0.1967
           Mean episode rew_action_rate: -0.0158
    Mean episode rew_similar_to_default: -0.0991
      Mean episode rew_tracking_lin_vel: 0.9856
             Mean episode rew_lin_vel_z: -0.0058
--------------------------------------------------------------------------------
                         Iteration time: 0.16s
                           Time elapsed: 0:00:45
                                    ETA: 0:00:08

################################################################################
[1m                           Learning iteration 251/300                           [0m 

                               Run name: go2-walking
                            Total steps: 24772608 
                       Steps per second: 603573 
                        Collection time: 0.081s 
                          Learning time: 0.082s 
                        Mean value loss: 0.0000
                    Mean surrogate loss: 0.0018
                      Mean entropy loss: -5.4003
                            Mean reward: 21.15
                    Mean episode length: 1001.00
                        Mean action std: 0.15
           Mean episode rew_base_height: -0.0047
      Mean episode rew_tracking_ang_vel: 0.1967
           Mean episode rew_action_rate: -0.0157
    Mean episode rew_similar_to_default: -0.0989
      Mean episode rew_tracking_lin_vel: 0.9858
             Mean episode rew_lin_vel_z: -0.0058
--------------------------------------------------------------------------------
                         Iteration time: 0.16s
                           Time elapsed: 0:00:45
                                    ETA: 0:00:08

################################################################################
[1m                           Learning iteration 252/300                           [0m 

                               Run name: go2-walking
                            Total steps: 24870912 
                       Steps per second: 602894 
                        Collection time: 0.081s 
                          Learning time: 0.082s 
                        Mean value loss: 0.0000
                    Mean surrogate loss: 0.0019
                      Mean entropy loss: -5.4398
                            Mean reward: 21.15
                    Mean episode length: 1001.00
                        Mean action std: 0.15
           Mean episode rew_base_height: -0.0048
      Mean episode rew_tracking_ang_vel: 0.1967
           Mean episode rew_action_rate: -0.0157
    Mean episode rew_similar_to_default: -0.0987
      Mean episode rew_tracking_lin_vel: 0.9858
             Mean episode rew_lin_vel_z: -0.0058
--------------------------------------------------------------------------------
                         Iteration time: 0.16s
                           Time elapsed: 0:00:45
                                    ETA: 0:00:08

################################################################################
[1m                           Learning iteration 253/300                           [0m 

                               Run name: go2-walking
                            Total steps: 24969216 
                       Steps per second: 602863 
                        Collection time: 0.081s 
                          Learning time: 0.082s 
                        Mean value loss: 0.0000
                    Mean surrogate loss: 0.0011
                      Mean entropy loss: -5.4765
                            Mean reward: 21.16
                    Mean episode length: 1001.00
                        Mean action std: 0.15
           Mean episode rew_base_height: -0.0048
      Mean episode rew_tracking_ang_vel: 0.1968
           Mean episode rew_action_rate: -0.0156
    Mean episode rew_similar_to_default: -0.0985
      Mean episode rew_tracking_lin_vel: 0.9858
             Mean episode rew_lin_vel_z: -0.0058
--------------------------------------------------------------------------------
                         Iteration time: 0.16s
                           Time elapsed: 0:00:45
                                    ETA: 0:00:08

################################################################################
[1m                           Learning iteration 254/300                           [0m 

                               Run name: go2-walking
                            Total steps: 25067520 
                       Steps per second: 602154 
                        Collection time: 0.081s 
                          Learning time: 0.082s 
                        Mean value loss: 0.0000
                    Mean surrogate loss: 0.0005
                      Mean entropy loss: -5.5249
                            Mean reward: 21.17
                    Mean episode length: 1001.00
                        Mean action std: 0.15
           Mean episode rew_base_height: -0.0048
      Mean episode rew_tracking_ang_vel: 0.1968
           Mean episode rew_action_rate: -0.0156
    Mean episode rew_similar_to_default: -0.0983
      Mean episode rew_tracking_lin_vel: 0.9859
             Mean episode rew_lin_vel_z: -0.0058
--------------------------------------------------------------------------------
                         Iteration time: 0.16s
                           Time elapsed: 0:00:45
                                    ETA: 0:00:08

################################################################################
[1m                           Learning iteration 255/300                           [0m 

                               Run name: go2-walking
                            Total steps: 25165824 
                       Steps per second: 603884 
                        Collection time: 0.081s 
                          Learning time: 0.082s 
                        Mean value loss: 0.0000
                    Mean surrogate loss: 0.0020
                      Mean entropy loss: -5.5537
                            Mean reward: 21.17
                    Mean episode length: 1001.00
                        Mean action std: 0.15
           Mean episode rew_base_height: -0.0048
      Mean episode rew_tracking_ang_vel: 0.1969
           Mean episode rew_action_rate: -0.0155
    Mean episode rew_similar_to_default: -0.0982
      Mean episode rew_tracking_lin_vel: 0.9860
             Mean episode rew_lin_vel_z: -0.0058
--------------------------------------------------------------------------------
                         Iteration time: 0.16s
                           Time elapsed: 0:00:45
                                    ETA: 0:00:07

################################################################################
[1m                           Learning iteration 256/300                           [0m 

                               Run name: go2-walking
                            Total steps: 25264128 
                       Steps per second: 605635 
                        Collection time: 0.081s 
                          Learning time: 0.082s 
                        Mean value loss: 0.0000
                    Mean surrogate loss: -0.0011
                      Mean entropy loss: -5.5928
                            Mean reward: 21.18
                    Mean episode length: 1001.00
                        Mean action std: 0.15
           Mean episode rew_base_height: -0.0048
      Mean episode rew_tracking_ang_vel: 0.1969
           Mean episode rew_action_rate: -0.0155
    Mean episode rew_similar_to_default: -0.0979
      Mean episode rew_tracking_lin_vel: 0.9861
             Mean episode rew_lin_vel_z: -0.0057
--------------------------------------------------------------------------------
                         Iteration time: 0.16s
                           Time elapsed: 0:00:46
                                    ETA: 0:00:07

################################################################################
[1m                           Learning iteration 257/300                           [0m 

                               Run name: go2-walking
                            Total steps: 25362432 
                       Steps per second: 608104 
                        Collection time: 0.080s 
                          Learning time: 0.081s 
                        Mean value loss: 0.0000
                    Mean surrogate loss: -0.0001
                      Mean entropy loss: -5.6652
                            Mean reward: 21.18
                    Mean episode length: 1001.00
                        Mean action std: 0.15
           Mean episode rew_base_height: -0.0048
      Mean episode rew_tracking_ang_vel: 0.1969
           Mean episode rew_action_rate: -0.0154
    Mean episode rew_similar_to_default: -0.0978
      Mean episode rew_tracking_lin_vel: 0.9861
             Mean episode rew_lin_vel_z: -0.0058
--------------------------------------------------------------------------------
                         Iteration time: 0.16s
                           Time elapsed: 0:00:46
                                    ETA: 0:00:07

################################################################################
[1m                           Learning iteration 258/300                           [0m 

                               Run name: go2-walking
                            Total steps: 25460736 
                       Steps per second: 606860 
                        Collection time: 0.081s 
                          Learning time: 0.081s 
                        Mean value loss: 0.0000
                    Mean surrogate loss: 0.0007
                      Mean entropy loss: -5.7243
                            Mean reward: 21.19
                    Mean episode length: 1001.00
                        Mean action std: 0.15
           Mean episode rew_base_height: -0.0048
      Mean episode rew_tracking_ang_vel: 0.1969
           Mean episode rew_action_rate: -0.0154
    Mean episode rew_similar_to_default: -0.0976
      Mean episode rew_tracking_lin_vel: 0.9862
             Mean episode rew_lin_vel_z: -0.0058
--------------------------------------------------------------------------------
                         Iteration time: 0.16s
                           Time elapsed: 0:00:46
                                    ETA: 0:00:07

################################################################################
[1m                           Learning iteration 259/300                           [0m 

                               Run name: go2-walking
                            Total steps: 25559040 
                       Steps per second: 607626 
                        Collection time: 0.081s 
                          Learning time: 0.081s 
                        Mean value loss: 0.0000
                    Mean surrogate loss: -0.0010
                      Mean entropy loss: -5.7825
                            Mean reward: 21.20
                    Mean episode length: 1001.00
                        Mean action std: 0.15
           Mean episode rew_base_height: -0.0046
      Mean episode rew_tracking_ang_vel: 0.1887
           Mean episode rew_action_rate: -0.0147
    Mean episode rew_similar_to_default: -0.0934
      Mean episode rew_tracking_lin_vel: 0.9452
             Mean episode rew_lin_vel_z: -0.0055
--------------------------------------------------------------------------------
                         Iteration time: 0.16s
                           Time elapsed: 0:00:46
                                    ETA: 0:00:07

################################################################################
[1m                           Learning iteration 260/300                           [0m 

                               Run name: go2-walking
                            Total steps: 25657344 
                       Steps per second: 602875 
                        Collection time: 0.081s 
                          Learning time: 0.082s 
                        Mean value loss: 0.0000
                    Mean surrogate loss: -0.0002
                      Mean entropy loss: -5.8521
                            Mean reward: 21.20
                    Mean episode length: 1001.00
                        Mean action std: 0.15
           Mean episode rew_base_height: -0.0049
      Mean episode rew_tracking_ang_vel: 0.1970
           Mean episode rew_action_rate: -0.0153
    Mean episode rew_similar_to_default: -0.0973
      Mean episode rew_tracking_lin_vel: 0.9863
             Mean episode rew_lin_vel_z: -0.0057
--------------------------------------------------------------------------------
                         Iteration time: 0.16s
                           Time elapsed: 0:00:46
                                    ETA: 0:00:06

################################################################################
[1m                           Learning iteration 261/300                           [0m 

                               Run name: go2-walking
                            Total steps: 25755648 
                       Steps per second: 604252 
                        Collection time: 0.081s 
                          Learning time: 0.082s 
                        Mean value loss: 0.0000
                    Mean surrogate loss: -0.0006
                      Mean entropy loss: -5.9339
                            Mean reward: 21.21
                    Mean episode length: 1001.00
                        Mean action std: 0.15
           Mean episode rew_base_height: -0.0047
      Mean episode rew_tracking_ang_vel: 0.1888
           Mean episode rew_action_rate: -0.0146
    Mean episode rew_similar_to_default: -0.0930
      Mean episode rew_tracking_lin_vel: 0.9452
             Mean episode rew_lin_vel_z: -0.0055
--------------------------------------------------------------------------------
                         Iteration time: 0.16s
                           Time elapsed: 0:00:46
                                    ETA: 0:00:06

################################################################################
[1m                           Learning iteration 262/300                           [0m 

                               Run name: go2-walking
                            Total steps: 25853952 
                       Steps per second: 605127 
                        Collection time: 0.080s 
                          Learning time: 0.082s 
                        Mean value loss: 0.0000
                    Mean surrogate loss: -0.0007
                      Mean entropy loss: -6.0289
                            Mean reward: 21.21
                    Mean episode length: 1001.00
                        Mean action std: 0.15
           Mean episode rew_base_height: -0.0049
      Mean episode rew_tracking_ang_vel: 0.1970
           Mean episode rew_action_rate: -0.0152
    Mean episode rew_similar_to_default: -0.0970
      Mean episode rew_tracking_lin_vel: 0.9864
             Mean episode rew_lin_vel_z: -0.0057
--------------------------------------------------------------------------------
                         Iteration time: 0.16s
                           Time elapsed: 0:00:47
                                    ETA: 0:00:06

################################################################################
[1m                           Learning iteration 263/300                           [0m 

                               Run name: go2-walking
                            Total steps: 25952256 
                       Steps per second: 597785 
                        Collection time: 0.083s 
                          Learning time: 0.082s 
                        Mean value loss: 0.0000
                    Mean surrogate loss: -0.0013
                      Mean entropy loss: -6.1139
                            Mean reward: 21.22
                    Mean episode length: 1001.00
                        Mean action std: 0.15
           Mean episode rew_base_height: -0.0047
      Mean episode rew_tracking_ang_vel: 0.1888
           Mean episode rew_action_rate: -0.0145
    Mean episode rew_similar_to_default: -0.0927
      Mean episode rew_tracking_lin_vel: 0.9452
             Mean episode rew_lin_vel_z: -0.0055
--------------------------------------------------------------------------------
                         Iteration time: 0.16s
                           Time elapsed: 0:00:47
                                    ETA: 0:00:06

################################################################################
[1m                           Learning iteration 264/300                           [0m 

                               Run name: go2-walking
                            Total steps: 26050560 
                       Steps per second: 604465 
                        Collection time: 0.081s 
                          Learning time: 0.082s 
                        Mean value loss: 0.0000
                    Mean surrogate loss: 0.0023
                      Mean entropy loss: -6.1891
                            Mean reward: 21.22
                    Mean episode length: 1001.00
                        Mean action std: 0.14
           Mean episode rew_base_height: -0.0049
      Mean episode rew_tracking_ang_vel: 0.1970
           Mean episode rew_action_rate: -0.0151
    Mean episode rew_similar_to_default: -0.0965
      Mean episode rew_tracking_lin_vel: 0.9864
             Mean episode rew_lin_vel_z: -0.0057
--------------------------------------------------------------------------------
                         Iteration time: 0.16s
                           Time elapsed: 0:00:47
                                    ETA: 0:00:06

################################################################################
[1m                           Learning iteration 265/300                           [0m 

                               Run name: go2-walking
                            Total steps: 26148864 
                       Steps per second: 607691 
                        Collection time: 0.080s 
                          Learning time: 0.082s 
                        Mean value loss: 0.0000
                    Mean surrogate loss: -0.0001
                      Mean entropy loss: -6.2562
                            Mean reward: 21.23
                    Mean episode length: 1001.00
                        Mean action std: 0.14
           Mean episode rew_base_height: -0.0047
      Mean episode rew_tracking_ang_vel: 0.1888
           Mean episode rew_action_rate: -0.0144
    Mean episode rew_similar_to_default: -0.0924
      Mean episode rew_tracking_lin_vel: 0.9453
             Mean episode rew_lin_vel_z: -0.0055
--------------------------------------------------------------------------------
                         Iteration time: 0.16s
                           Time elapsed: 0:00:47
                                    ETA: 0:00:06

################################################################################
[1m                           Learning iteration 266/300                           [0m 

                               Run name: go2-walking
                            Total steps: 26247168 
                       Steps per second: 607885 
                        Collection time: 0.080s 
                          Learning time: 0.082s 
                        Mean value loss: 0.0000
                    Mean surrogate loss: -0.0005
                      Mean entropy loss: -6.3310
                            Mean reward: 21.23
                    Mean episode length: 1001.00
                        Mean action std: 0.14
           Mean episode rew_base_height: -0.0049
      Mean episode rew_tracking_ang_vel: 0.1971
           Mean episode rew_action_rate: -0.0150
    Mean episode rew_similar_to_default: -0.0962
      Mean episode rew_tracking_lin_vel: 0.9864
             Mean episode rew_lin_vel_z: -0.0057
--------------------------------------------------------------------------------
                         Iteration time: 0.16s
                           Time elapsed: 0:00:47
                                    ETA: 0:00:05

################################################################################
[1m                           Learning iteration 267/300                           [0m 

                               Run name: go2-walking
                            Total steps: 26345472 
                       Steps per second: 607036 
                        Collection time: 0.081s 
                          Learning time: 0.081s 
                        Mean value loss: 0.0000
                    Mean surrogate loss: 0.0000
                      Mean entropy loss: -6.4044
                            Mean reward: 21.24
                    Mean episode length: 1001.00
                        Mean action std: 0.14
           Mean episode rew_base_height: -0.0047
      Mean episode rew_tracking_ang_vel: 0.1889
           Mean episode rew_action_rate: -0.0144
    Mean episode rew_similar_to_default: -0.0920
      Mean episode rew_tracking_lin_vel: 0.9454
             Mean episode rew_lin_vel_z: -0.0054
--------------------------------------------------------------------------------
                         Iteration time: 0.16s
                           Time elapsed: 0:00:47
                                    ETA: 0:00:05

################################################################################
[1m                           Learning iteration 268/300                           [0m 

                               Run name: go2-walking
                            Total steps: 26443776 
                       Steps per second: 604866 
                        Collection time: 0.081s 
                          Learning time: 0.082s 
                        Mean value loss: 0.0000
                    Mean surrogate loss: -0.0009
                      Mean entropy loss: -6.4708
                            Mean reward: 21.24
                    Mean episode length: 1001.00
                        Mean action std: 0.14
           Mean episode rew_base_height: -0.0050
      Mean episode rew_tracking_ang_vel: 0.1971
           Mean episode rew_action_rate: -0.0149
    Mean episode rew_similar_to_default: -0.0959
      Mean episode rew_tracking_lin_vel: 0.9864
             Mean episode rew_lin_vel_z: -0.0057
--------------------------------------------------------------------------------
                         Iteration time: 0.16s
                           Time elapsed: 0:00:48
                                    ETA: 0:00:05

################################################################################
[1m                           Learning iteration 269/300                           [0m 

                               Run name: go2-walking
                            Total steps: 26542080 
                       Steps per second: 609982 
                        Collection time: 0.080s 
                          Learning time: 0.081s 
                        Mean value loss: 0.0000
                    Mean surrogate loss: 0.0010
                      Mean entropy loss: -6.5407
                            Mean reward: 21.25
                    Mean episode length: 1001.00
                        Mean action std: 0.14
           Mean episode rew_base_height: -0.0050
      Mean episode rew_tracking_ang_vel: 0.1971
           Mean episode rew_action_rate: -0.0149
    Mean episode rew_similar_to_default: -0.0957
      Mean episode rew_tracking_lin_vel: 0.9865
             Mean episode rew_lin_vel_z: -0.0057
--------------------------------------------------------------------------------
                         Iteration time: 0.16s
                           Time elapsed: 0:00:48
                                    ETA: 0:00:05

################################################################################
[1m                           Learning iteration 270/300                           [0m 

                               Run name: go2-walking
                            Total steps: 26640384 
                       Steps per second: 607605 
                        Collection time: 0.080s 
                          Learning time: 0.082s 
                        Mean value loss: 0.0000
                    Mean surrogate loss: 0.0000
                      Mean entropy loss: -6.5951
                            Mean reward: 21.25
                    Mean episode length: 1001.00
                        Mean action std: 0.14
           Mean episode rew_base_height: -0.0050
      Mean episode rew_tracking_ang_vel: 0.1972
           Mean episode rew_action_rate: -0.0149
    Mean episode rew_similar_to_default: -0.0955
      Mean episode rew_tracking_lin_vel: 0.9866
             Mean episode rew_lin_vel_z: -0.0057
--------------------------------------------------------------------------------
                         Iteration time: 0.16s
                           Time elapsed: 0:00:48
                                    ETA: 0:00:05

################################################################################
[1m                           Learning iteration 271/300                           [0m 

                               Run name: go2-walking
                            Total steps: 26738688 
                       Steps per second: 604258 
                        Collection time: 0.081s 
                          Learning time: 0.082s 
                        Mean value loss: 0.0000
                    Mean surrogate loss: -0.0010
                      Mean entropy loss: -6.6518
                            Mean reward: 21.26
                    Mean episode length: 1001.00
                        Mean action std: 0.14
           Mean episode rew_base_height: -0.0050
      Mean episode rew_tracking_ang_vel: 0.1972
           Mean episode rew_action_rate: -0.0148
    Mean episode rew_similar_to_default: -0.0954
      Mean episode rew_tracking_lin_vel: 0.9866
             Mean episode rew_lin_vel_z: -0.0057
--------------------------------------------------------------------------------
                         Iteration time: 0.16s
                           Time elapsed: 0:00:48
                                    ETA: 0:00:05

################################################################################
[1m                           Learning iteration 272/300                           [0m 

                               Run name: go2-walking
                            Total steps: 26836992 
                       Steps per second: 603829 
                        Collection time: 0.081s 
                          Learning time: 0.082s 
                        Mean value loss: 0.0000
                    Mean surrogate loss: -0.0011
                      Mean entropy loss: -6.7259
                            Mean reward: 21.26
                    Mean episode length: 1001.00
                        Mean action std: 0.14
           Mean episode rew_base_height: -0.0050
      Mean episode rew_tracking_ang_vel: 0.1972
           Mean episode rew_action_rate: -0.0148
    Mean episode rew_similar_to_default: -0.0953
      Mean episode rew_tracking_lin_vel: 0.9866
             Mean episode rew_lin_vel_z: -0.0057
--------------------------------------------------------------------------------
                         Iteration time: 0.16s
                           Time elapsed: 0:00:48
                                    ETA: 0:00:04

################################################################################
[1m                           Learning iteration 273/300                           [0m 

                               Run name: go2-walking
                            Total steps: 26935296 
                       Steps per second: 607877 
                        Collection time: 0.080s 
                          Learning time: 0.082s 
                        Mean value loss: 0.0000
                    Mean surrogate loss: -0.0005
                      Mean entropy loss: -6.7959
                            Mean reward: 21.27
                    Mean episode length: 1001.00
                        Mean action std: 0.14
           Mean episode rew_base_height: -0.0051
      Mean episode rew_tracking_ang_vel: 0.1972
           Mean episode rew_action_rate: -0.0148
    Mean episode rew_similar_to_default: -0.0950
      Mean episode rew_tracking_lin_vel: 0.9866
             Mean episode rew_lin_vel_z: -0.0057
--------------------------------------------------------------------------------
                         Iteration time: 0.16s
                           Time elapsed: 0:00:48
                                    ETA: 0:00:04

################################################################################
[1m                           Learning iteration 274/300                           [0m 

                               Run name: go2-walking
                            Total steps: 27033600 
                       Steps per second: 607957 
                        Collection time: 0.080s 
                          Learning time: 0.082s 
                        Mean value loss: 0.0000
                    Mean surrogate loss: 0.0021
                      Mean entropy loss: -6.8533
                            Mean reward: 21.27
                    Mean episode length: 1001.00
                        Mean action std: 0.14
           Mean episode rew_base_height: -0.0044
      Mean episode rew_tracking_ang_vel: 0.1726
           Mean episode rew_action_rate: -0.0129
    Mean episode rew_similar_to_default: -0.0831
      Mean episode rew_tracking_lin_vel: 0.8633
             Mean episode rew_lin_vel_z: -0.0050
--------------------------------------------------------------------------------
                         Iteration time: 0.16s
                           Time elapsed: 0:00:49
                                    ETA: 0:00:04

################################################################################
[1m                           Learning iteration 275/300                           [0m 

                               Run name: go2-walking
                            Total steps: 27131904 
                       Steps per second: 605580 
                        Collection time: 0.080s 
                          Learning time: 0.082s 
                        Mean value loss: 0.0000
                    Mean surrogate loss: 0.0014
                      Mean entropy loss: -6.9063
                            Mean reward: 21.27
                    Mean episode length: 1001.00
                        Mean action std: 0.14
           Mean episode rew_base_height: -0.0049
      Mean episode rew_tracking_ang_vel: 0.1890
           Mean episode rew_action_rate: -0.0141
    Mean episode rew_similar_to_default: -0.0908
      Mean episode rew_tracking_lin_vel: 0.9457
             Mean episode rew_lin_vel_z: -0.0054
--------------------------------------------------------------------------------
                         Iteration time: 0.16s
                           Time elapsed: 0:00:49
                                    ETA: 0:00:04

################################################################################
[1m                           Learning iteration 276/300                           [0m 

                               Run name: go2-walking
                            Total steps: 27230208 
                       Steps per second: 606252 
                        Collection time: 0.080s 
                          Learning time: 0.082s 
                        Mean value loss: 0.0000
                    Mean surrogate loss: 0.0014
                      Mean entropy loss: -6.9537
                            Mean reward: 21.28
                    Mean episode length: 1001.00
                        Mean action std: 0.14
           Mean episode rew_base_height: -0.0040
      Mean episode rew_tracking_ang_vel: 0.1562
           Mean episode rew_action_rate: -0.0116
    Mean episode rew_similar_to_default: -0.0749
      Mean episode rew_tracking_lin_vel: 0.7813
             Mean episode rew_lin_vel_z: -0.0045
--------------------------------------------------------------------------------
                         Iteration time: 0.16s
                           Time elapsed: 0:00:49
                                    ETA: 0:00:04

################################################################################
[1m                           Learning iteration 277/300                           [0m 

                               Run name: go2-walking
                            Total steps: 27328512 
                       Steps per second: 608029 
                        Collection time: 0.080s 
                          Learning time: 0.082s 
                        Mean value loss: 0.0000
                    Mean surrogate loss: 0.0005
                      Mean entropy loss: -7.0320
                            Mean reward: 21.28
                    Mean episode length: 1001.00
                        Mean action std: 0.13
           Mean episode rew_base_height: -0.0036
      Mean episode rew_tracking_ang_vel: 0.1398
           Mean episode rew_action_rate: -0.0104
    Mean episode rew_similar_to_default: -0.0668
      Mean episode rew_tracking_lin_vel: 0.6989
             Mean episode rew_lin_vel_z: -0.0040
--------------------------------------------------------------------------------
                         Iteration time: 0.16s
                           Time elapsed: 0:00:49
                                    ETA: 0:00:03

################################################################################
[1m                           Learning iteration 278/300                           [0m 

                               Run name: go2-walking
                            Total steps: 27426816 
                       Steps per second: 611296 
                        Collection time: 0.079s 
                          Learning time: 0.081s 
                        Mean value loss: 0.0000
                    Mean surrogate loss: -0.0003
                      Mean entropy loss: -7.1305
                            Mean reward: 21.28
                    Mean episode length: 1001.00
                        Mean action std: 0.13
           Mean episode rew_base_height: -0.0034
      Mean episode rew_tracking_ang_vel: 0.1315
           Mean episode rew_action_rate: -0.0097
    Mean episode rew_similar_to_default: -0.0629
      Mean episode rew_tracking_lin_vel: 0.6578
             Mean episode rew_lin_vel_z: -0.0038
--------------------------------------------------------------------------------
                         Iteration time: 0.16s
                           Time elapsed: 0:00:49
                                    ETA: 0:00:03

################################################################################
[1m                           Learning iteration 279/300                           [0m 

                               Run name: go2-walking
                            Total steps: 27525120 
                       Steps per second: 612461 
                        Collection time: 0.079s 
                          Learning time: 0.081s 
                        Mean value loss: 0.0000
                    Mean surrogate loss: 0.0018
                      Mean entropy loss: -7.2383
                            Mean reward: 21.28
                    Mean episode length: 1001.00
                        Mean action std: 0.13
           Mean episode rew_base_height: -0.0019
      Mean episode rew_tracking_ang_vel: 0.0740
           Mean episode rew_action_rate: -0.0055
    Mean episode rew_similar_to_default: -0.0353
      Mean episode rew_tracking_lin_vel: 0.3701
             Mean episode rew_lin_vel_z: -0.0021
--------------------------------------------------------------------------------
                         Iteration time: 0.16s
                           Time elapsed: 0:00:49
                                    ETA: 0:00:03

################################################################################
[1m                           Learning iteration 280/300                           [0m 

                               Run name: go2-walking
                            Total steps: 27623424 
                       Steps per second: 608399 
                        Collection time: 0.079s 
                          Learning time: 0.082s 
                        Mean value loss: 0.0000
                    Mean surrogate loss: 0.0018
                      Mean entropy loss: -7.3415
                            Mean reward: 21.29
                    Mean episode length: 1001.00
                        Mean action std: 0.13
           Mean episode rew_base_height: -0.0013
      Mean episode rew_tracking_ang_vel: 0.0493
           Mean episode rew_action_rate: -0.0036
    Mean episode rew_similar_to_default: -0.0236
      Mean episode rew_tracking_lin_vel: 0.2467
             Mean episode rew_lin_vel_z: -0.0014
--------------------------------------------------------------------------------
                         Iteration time: 0.16s
                           Time elapsed: 0:00:50
                                    ETA: 0:00:03

################################################################################
[1m                           Learning iteration 281/300                           [0m 

                               Run name: go2-walking
                            Total steps: 27721728 
                       Steps per second: 615498 
                        Collection time: 0.079s 
                          Learning time: 0.081s 
                        Mean value loss: 0.0000
                    Mean surrogate loss: 0.0022
                      Mean entropy loss: -7.4291
                            Mean reward: 21.29
                    Mean episode length: 1001.00
                        Mean action std: 0.13
           Mean episode rew_base_height: -0.0009
      Mean episode rew_tracking_ang_vel: 0.0329
           Mean episode rew_action_rate: -0.0024
    Mean episode rew_similar_to_default: -0.0157
      Mean episode rew_tracking_lin_vel: 0.1645
             Mean episode rew_lin_vel_z: -0.0009
--------------------------------------------------------------------------------
                         Iteration time: 0.16s
                           Time elapsed: 0:00:50
                                    ETA: 0:00:03

################################################################################
[1m                           Learning iteration 282/300                           [0m 

                               Run name: go2-walking
                            Total steps: 27820032 
                       Steps per second: 608757 
                        Collection time: 0.080s 
                          Learning time: 0.082s 
                        Mean value loss: 0.0000
                    Mean surrogate loss: 0.0027
                      Mean entropy loss: -7.5119
                            Mean reward: 21.29
                    Mean episode length: 1001.00
                        Mean action std: 0.13
           Mean episode rew_base_height: -0.0011
      Mean episode rew_tracking_ang_vel: 0.0411
           Mean episode rew_action_rate: -0.0030
    Mean episode rew_similar_to_default: -0.0195
      Mean episode rew_tracking_lin_vel: 0.2056
             Mean episode rew_lin_vel_z: -0.0012
--------------------------------------------------------------------------------
                         Iteration time: 0.16s
                           Time elapsed: 0:00:50
                                    ETA: 0:00:03

################################################################################
[1m                           Learning iteration 283/300                           [0m 

                               Run name: go2-walking
                            Total steps: 27918336 
                       Steps per second: 614179 
                        Collection time: 0.079s 
                          Learning time: 0.081s 
                        Mean value loss: 0.0000
                    Mean surrogate loss: 0.0026
                      Mean entropy loss: -7.5745
                            Mean reward: 21.29
                    Mean episode length: 1001.00
                        Mean action std: 0.13
           Mean episode rew_base_height: -0.0011
      Mean episode rew_tracking_ang_vel: 0.0411
           Mean episode rew_action_rate: -0.0030
    Mean episode rew_similar_to_default: -0.0195
      Mean episode rew_tracking_lin_vel: 0.2056
             Mean episode rew_lin_vel_z: -0.0012
--------------------------------------------------------------------------------
                         Iteration time: 0.16s
                           Time elapsed: 0:00:50
                                    ETA: 0:00:02

################################################################################
[1m                           Learning iteration 284/300                           [0m 

                               Run name: go2-walking
                            Total steps: 28016640 
                       Steps per second: 610410 
                        Collection time: 0.079s 
                          Learning time: 0.082s 
                        Mean value loss: 0.0000
                    Mean surrogate loss: -0.0002
                      Mean entropy loss: -7.6646
                            Mean reward: 21.29
                    Mean episode length: 1001.00
                        Mean action std: 0.13
           Mean episode rew_base_height: -0.0013
      Mean episode rew_tracking_ang_vel: 0.0493
           Mean episode rew_action_rate: -0.0036
    Mean episode rew_similar_to_default: -0.0234
      Mean episode rew_tracking_lin_vel: 0.2467
             Mean episode rew_lin_vel_z: -0.0014
--------------------------------------------------------------------------------
                         Iteration time: 0.16s
                           Time elapsed: 0:00:50
                                    ETA: 0:00:02

################################################################################
[1m                           Learning iteration 285/300                           [0m 

                               Run name: go2-walking
                            Total steps: 28114944 
                       Steps per second: 614525 
                        Collection time: 0.079s 
                          Learning time: 0.081s 
                        Mean value loss: 0.0000
                    Mean surrogate loss: 0.0007
                      Mean entropy loss: -7.7605
                            Mean reward: 21.29
                    Mean episode length: 1001.00
                        Mean action std: 0.13
           Mean episode rew_base_height: -0.0021
      Mean episode rew_tracking_ang_vel: 0.0823
           Mean episode rew_action_rate: -0.0060
    Mean episode rew_similar_to_default: -0.0390
      Mean episode rew_tracking_lin_vel: 0.4111
             Mean episode rew_lin_vel_z: -0.0024
--------------------------------------------------------------------------------
                         Iteration time: 0.16s
                           Time elapsed: 0:00:50
                                    ETA: 0:00:02

################################################################################
[1m                           Learning iteration 286/300                           [0m 

                               Run name: go2-walking
                            Total steps: 28213248 
                       Steps per second: 613338 
                        Collection time: 0.079s 
                          Learning time: 0.081s 
                        Mean value loss: 0.0000
                    Mean surrogate loss: 0.0017
                      Mean entropy loss: -7.8560
                            Mean reward: 21.30
                    Mean episode length: 1001.00
                        Mean action std: 0.13
           Mean episode rew_base_height: -0.0021
      Mean episode rew_tracking_ang_vel: 0.0823
           Mean episode rew_action_rate: -0.0060
    Mean episode rew_similar_to_default: -0.0390
      Mean episode rew_tracking_lin_vel: 0.4112
             Mean episode rew_lin_vel_z: -0.0024
--------------------------------------------------------------------------------
                         Iteration time: 0.16s
                           Time elapsed: 0:00:51
                                    ETA: 0:00:02

################################################################################
[1m                           Learning iteration 287/300                           [0m 

                               Run name: go2-walking
                            Total steps: 28311552 
                       Steps per second: 611156 
                        Collection time: 0.080s 
                          Learning time: 0.081s 
                        Mean value loss: 0.0000
                    Mean surrogate loss: -0.0001
                      Mean entropy loss: -7.9255
                            Mean reward: 21.31
                    Mean episode length: 1001.00
                        Mean action std: 0.12
           Mean episode rew_base_height: -0.0043
      Mean episode rew_tracking_ang_vel: 0.1646
           Mean episode rew_action_rate: -0.0119
    Mean episode rew_similar_to_default: -0.0779
      Mean episode rew_tracking_lin_vel: 0.8222
             Mean episode rew_lin_vel_z: -0.0047
--------------------------------------------------------------------------------
                         Iteration time: 0.16s
                           Time elapsed: 0:00:51
                                    ETA: 0:00:02

################################################################################
[1m                           Learning iteration 288/300                           [0m 

                               Run name: go2-walking
                            Total steps: 28409856 
                       Steps per second: 611123 
                        Collection time: 0.079s 
                          Learning time: 0.081s 
                        Mean value loss: 0.0000
                    Mean surrogate loss: 0.0008
                      Mean entropy loss: -8.0106
                            Mean reward: 21.31
                    Mean episode length: 1001.00
                        Mean action std: 0.12
           Mean episode rew_base_height: -0.0045
      Mean episode rew_tracking_ang_vel: 0.1728
           Mean episode rew_action_rate: -0.0125
    Mean episode rew_similar_to_default: -0.0817
      Mean episode rew_tracking_lin_vel: 0.8634
             Mean episode rew_lin_vel_z: -0.0050
--------------------------------------------------------------------------------
                         Iteration time: 0.16s
                           Time elapsed: 0:00:51
                                    ETA: 0:00:01

################################################################################
[1m                           Learning iteration 289/300                           [0m 

                               Run name: go2-walking
                            Total steps: 28508160 
                       Steps per second: 610307 
                        Collection time: 0.080s 
                          Learning time: 0.081s 
                        Mean value loss: 0.0000
                    Mean surrogate loss: 0.0004
                      Mean entropy loss: -8.0795
                            Mean reward: 21.32
                    Mean episode length: 1001.00
                        Mean action std: 0.12
           Mean episode rew_base_height: -0.0051
      Mean episode rew_tracking_ang_vel: 0.1975
           Mean episode rew_action_rate: -0.0143
    Mean episode rew_similar_to_default: -0.0933
      Mean episode rew_tracking_lin_vel: 0.9867
             Mean episode rew_lin_vel_z: -0.0057
--------------------------------------------------------------------------------
                         Iteration time: 0.16s
                           Time elapsed: 0:00:51
                                    ETA: 0:00:01

################################################################################
[1m                           Learning iteration 290/300                           [0m 

                               Run name: go2-walking
                            Total steps: 28606464 
                       Steps per second: 610814 
                        Collection time: 0.080s 
                          Learning time: 0.081s 
                        Mean value loss: 0.0000
                    Mean surrogate loss: -0.0003
                      Mean entropy loss: -8.1460
                            Mean reward: 21.32
                    Mean episode length: 1001.00
                        Mean action std: 0.12
           Mean episode rew_base_height: -0.0051
      Mean episode rew_tracking_ang_vel: 0.1975
           Mean episode rew_action_rate: -0.0142
    Mean episode rew_similar_to_default: -0.0932
      Mean episode rew_tracking_lin_vel: 0.9868
             Mean episode rew_lin_vel_z: -0.0057
--------------------------------------------------------------------------------
                         Iteration time: 0.16s
                           Time elapsed: 0:00:51
                                    ETA: 0:00:01

################################################################################
[1m                           Learning iteration 291/300                           [0m 

                               Run name: go2-walking
                            Total steps: 28704768 
                       Steps per second: 609517 
                        Collection time: 0.080s 
                          Learning time: 0.081s 
                        Mean value loss: 0.0000
                    Mean surrogate loss: 0.0005
                      Mean entropy loss: -8.2028
                            Mean reward: 21.32
                    Mean episode length: 1001.00
                        Mean action std: 0.12
           Mean episode rew_base_height: -0.0051
      Mean episode rew_tracking_ang_vel: 0.1975
           Mean episode rew_action_rate: -0.0142
    Mean episode rew_similar_to_default: -0.0931
      Mean episode rew_tracking_lin_vel: 0.9868
             Mean episode rew_lin_vel_z: -0.0057
--------------------------------------------------------------------------------
                         Iteration time: 0.16s
                           Time elapsed: 0:00:51
                                    ETA: 0:00:01

################################################################################
[1m                           Learning iteration 292/300                           [0m 

                               Run name: go2-walking
                            Total steps: 28803072 
                       Steps per second: 605810 
                        Collection time: 0.081s 
                          Learning time: 0.081s 
                        Mean value loss: 0.0000
                    Mean surrogate loss: 0.0014
                      Mean entropy loss: -8.2357
                            Mean reward: 21.32
                    Mean episode length: 1001.00
                        Mean action std: 0.12
           Mean episode rew_base_height: -0.0051
      Mean episode rew_tracking_ang_vel: 0.1975
           Mean episode rew_action_rate: -0.0142
    Mean episode rew_similar_to_default: -0.0930
      Mean episode rew_tracking_lin_vel: 0.9868
             Mean episode rew_lin_vel_z: -0.0057
--------------------------------------------------------------------------------
                         Iteration time: 0.16s
                           Time elapsed: 0:00:51
                                    ETA: 0:00:01

################################################################################
[1m                           Learning iteration 293/300                           [0m 

                               Run name: go2-walking
                            Total steps: 28901376 
                       Steps per second: 607354 
                        Collection time: 0.080s 
                          Learning time: 0.082s 
                        Mean value loss: 0.0000
                    Mean surrogate loss: 0.0003
                      Mean entropy loss: -8.2768
                            Mean reward: 21.33
                    Mean episode length: 1001.00
                        Mean action std: 0.12
           Mean episode rew_base_height: -0.0051
      Mean episode rew_tracking_ang_vel: 0.1975
           Mean episode rew_action_rate: -0.0142
    Mean episode rew_similar_to_default: -0.0929
      Mean episode rew_tracking_lin_vel: 0.9868
             Mean episode rew_lin_vel_z: -0.0057
--------------------------------------------------------------------------------
                         Iteration time: 0.16s
                           Time elapsed: 0:00:52
                                    ETA: 0:00:01

################################################################################
[1m                           Learning iteration 294/300                           [0m 

                               Run name: go2-walking
                            Total steps: 28999680 
                       Steps per second: 601293 
                        Collection time: 0.082s 
                          Learning time: 0.082s 
                        Mean value loss: 0.0000
                    Mean surrogate loss: 0.0005
                      Mean entropy loss: -8.3213
                            Mean reward: 21.33
                    Mean episode length: 1001.00
                        Mean action std: 0.12
           Mean episode rew_base_height: -0.0052
      Mean episode rew_tracking_ang_vel: 0.1975
           Mean episode rew_action_rate: -0.0141
    Mean episode rew_similar_to_default: -0.0928
      Mean episode rew_tracking_lin_vel: 0.9869
             Mean episode rew_lin_vel_z: -0.0057
--------------------------------------------------------------------------------
                         Iteration time: 0.16s
                           Time elapsed: 0:00:52
                                    ETA: 0:00:00

################################################################################
[1m                           Learning iteration 295/300                           [0m 

                               Run name: go2-walking
                            Total steps: 29097984 
                       Steps per second: 610733 
                        Collection time: 0.080s 
                          Learning time: 0.081s 
                        Mean value loss: 0.0000
                    Mean surrogate loss: 0.0005
                      Mean entropy loss: -8.3498
                            Mean reward: 21.33
                    Mean episode length: 1001.00
                        Mean action std: 0.12
           Mean episode rew_base_height: -0.0052
      Mean episode rew_tracking_ang_vel: 0.1975
           Mean episode rew_action_rate: -0.0141
    Mean episode rew_similar_to_default: -0.0927
      Mean episode rew_tracking_lin_vel: 0.9868
             Mean episode rew_lin_vel_z: -0.0057
--------------------------------------------------------------------------------
                         Iteration time: 0.16s
                           Time elapsed: 0:00:52
                                    ETA: 0:00:00

################################################################################
[1m                           Learning iteration 296/300                           [0m 

                               Run name: go2-walking
                            Total steps: 29196288 
                       Steps per second: 611859 
                        Collection time: 0.080s 
                          Learning time: 0.081s 
                        Mean value loss: 0.0000
                    Mean surrogate loss: -0.0009
                      Mean entropy loss: -8.3968
                            Mean reward: 21.34
                    Mean episode length: 1001.00
                        Mean action std: 0.12
           Mean episode rew_base_height: -0.0052
      Mean episode rew_tracking_ang_vel: 0.1975
           Mean episode rew_action_rate: -0.0141
    Mean episode rew_similar_to_default: -0.0926
      Mean episode rew_tracking_lin_vel: 0.9869
             Mean episode rew_lin_vel_z: -0.0057
--------------------------------------------------------------------------------
                         Iteration time: 0.16s
                           Time elapsed: 0:00:52
                                    ETA: 0:00:00

################################################################################
[1m                           Learning iteration 297/300                           [0m 

                               Run name: go2-walking
                            Total steps: 29294592 
                       Steps per second: 608328 
                        Collection time: 0.080s 
                          Learning time: 0.081s 
                        Mean value loss: 0.0000
                    Mean surrogate loss: 0.0010
                      Mean entropy loss: -8.4464
                            Mean reward: 21.34
                    Mean episode length: 1001.00
                        Mean action std: 0.12
           Mean episode rew_base_height: -0.0052
      Mean episode rew_tracking_ang_vel: 0.1975
           Mean episode rew_action_rate: -0.0141
    Mean episode rew_similar_to_default: -0.0924
      Mean episode rew_tracking_lin_vel: 0.9870
             Mean episode rew_lin_vel_z: -0.0057
--------------------------------------------------------------------------------
                         Iteration time: 0.16s
                           Time elapsed: 0:00:52
                                    ETA: 0:00:00

################################################################################
[1m                           Learning iteration 298/300                           [0m 

                               Run name: go2-walking
                            Total steps: 29392896 
                       Steps per second: 611080 
                        Collection time: 0.080s 
                          Learning time: 0.081s 
                        Mean value loss: 0.0000
                    Mean surrogate loss: 0.0008
                      Mean entropy loss: -8.4808
                            Mean reward: 21.35
                    Mean episode length: 1001.00
                        Mean action std: 0.12
           Mean episode rew_base_height: -0.0052
      Mean episode rew_tracking_ang_vel: 0.1976
           Mean episode rew_action_rate: -0.0140
    Mean episode rew_similar_to_default: -0.0923
      Mean episode rew_tracking_lin_vel: 0.9870
             Mean episode rew_lin_vel_z: -0.0057
--------------------------------------------------------------------------------
                         Iteration time: 0.16s
                           Time elapsed: 0:00:52
                                    ETA: 0:00:00

################################################################################
[1m                           Learning iteration 299/300                           [0m 

                               Run name: go2-walking
                            Total steps: 29491200 
                       Steps per second: 610743 
                        Collection time: 0.080s 
                          Learning time: 0.081s 
                        Mean value loss: 0.0000
                    Mean surrogate loss: 0.0013
                      Mean entropy loss: -8.5262
                            Mean reward: 21.35
                    Mean episode length: 1001.00
                        Mean action std: 0.12
           Mean episode rew_base_height: -0.0052
      Mean episode rew_tracking_ang_vel: 0.1976
           Mean episode rew_action_rate: -0.0140
    Mean episode rew_similar_to_default: -0.0922
      Mean episode rew_tracking_lin_vel: 0.9870
             Mean episode rew_lin_vel_z: -0.0057
--------------------------------------------------------------------------------
                         Iteration time: 0.16s
                           Time elapsed: 0:00:53
                                    ETA: 0:00:00

TRAIN_DONE Thu Jun 11 14:12:58 UTC 2026
